S.No,Symbol,Conf.,Open,High,Low,Close,LTP,Close - LTP,Close - LTP %,VWAP,Vol,Prev. Close,Turnover,Trans.,Diff,Range,Diff %,Range %,VWAP %,120 Days,180 Days,52 Weeks High,52 Weeks Low
1,ACLBSL,34.81,865.20,875.00,860.00,860.00,860.00,0.00,0.00,866.00,"2,931.00",869.00,"2,538,246.10",41,-9.00,15.00,-1.04,1.74,-0.70,933.00,948.06,"1,095.00",827.90
2,ADBL,30.35,309.00,310.20,305.00,308.40,308.40,0.00,0.00,308.62,"37,962.00",309.00,"11,715,799.40",138,-0.60,5.20,-0.19,1.70,-0.07,309.49,308.24,340.00,285.20
3,ADBLD83,32.21,"1,037.00","1,037.00","1,037.00","1,037.00","1,037.00",0.00,0.00,"1,037.00",10.00,"1,035.00","10,370.00",1,2.00,0.00,0.19,0.00,0.00,"1,070.59","1,081.93","1,132.90","1,015.00"
4,AHL,21.44,385.00,385.00,374.00,375.00,375.00,0.00,0.00,375.67,888.00,375.10,"333,592.00",24,-0.10,11.00,-0.03,2.94,-0.18,451.56,480.27,670.00,343.00
5,AHPC,22.09,252.00,255.20,250.10,252.00,252.00,0.00,0.00,251.96,"36,836.00",254.20,"9,281,306.40",167,-2.20,5.10,-0.87,2.04,0.01,270.70,274.43,323.30,245.80
6,AKJCL,24.40,356.00,357.00,350.00,350.60,350.60,0.00,0.00,352.04,"183,611.00",356.00,"64,637,636.80",356,-5.40,7.00,-1.52,2.00,-0.41,369.52,355.00,461.40,179.00
7,AKPL,23.94,251.00,251.00,247.10,248.00,248.00,0.00,0.00,247.98,"44,620.00",249.00,"11,064,776.20",173,-1.00,3.90,-0.40,1.58,0.01,260.94,264.17,317.00,231.10
8,ALBSL,19.86,"1,165.00","1,194.00","1,165.00","1,181.40","1,181.40",0.00,0.00,"1,172.72","4,277.00","1,189.00","5,015,744.50",78,-7.60,29.00,-0.64,2.49,0.73,"1,115.12","1,133.74","1,334.00",930.00
9,ALICL,26.50,418.50,424.90,418.50,422.00,422.00,0.00,0.00,422.34,"27,252.00",422.90,"11,509,565.00",97,-0.90,6.40,-0.21,1.53,-0.08,436.63,447.73,505.00,381.40
10,ANLB,30.50,"4,810.20","4,924.00","4,808.00","4,924.00","4,924.00",0.00,0.00,"4,862.84",490.00,"4,919.00","2,382,791.10",27,5.00,116.00,0.10,2.41,1.24,"5,778.28","5,938.18","7,560.00","4,750.00"
11,APHL,20.19,592.00,604.00,583.00,585.00,585.00,0.00,0.00,592.45,"5,301.00",591.80,"3,140,601.00",178,-6.80,21.00,-1.15,3.60,-1.27,0.00,0.00,"1,053.40",299.70
12,API,26.24,337.00,337.00,332.40,334.50,334.50,0.00,0.00,334.35,"126,530.00",338.80,"42,304,682.50",485,-4.30,4.60,-1.27,1.38,0.05,338.76,330.66,370.00,269.00
13,AVYAN,18.46,"1,035.10","1,035.10","1,035.00","1,035.00","1,035.00",0.00,0.00,"1,034.98",250.00,"1,059.00","258,744.50",17,-24.00,0.10,-2.27,0.01,0.00,"1,072.73","1,057.36","1,366.00",906.00
14,BANDIPUR,26.08,609.00,614.00,601.50,601.50,601.50,0.00,0.00,608.61,"13,808.00",615.30,"8,403,745.42",343,-13.80,12.50,-2.24,2.08,-1.18,751.45,816.73,"1,233.00",285.00
15,BARUN,23.07,323.70,323.70,318.30,318.60,318.60,0.00,0.00,320.37,"23,771.00",326.00,"7,615,586.00",114,-7.40,5.40,-2.27,1.70,-0.56,332.17,339.63,401.50,298.00
16,BBC,24.02,"4,078.90","4,078.90","3,954.00","4,000.00","4,000.00",0.00,0.00,"4,015.94",190.00,"3,978.00","763,029.00",17,22.00,124.90,0.55,3.16,-0.40,"4,377.25","4,541.23","5,600.00","3,825.00"
17,BEDC,24.78,308.10,308.10,288.00,292.00,292.00,0.00,0.00,292.05,"13,980.00",295.90,"4,082,830.50",100,-3.90,20.10,-1.32,6.98,-0.02,342.39,403.23,716.00,270.00
18,BFC,40.39,460.50,463.00,446.70,455.00,455.00,0.00,0.00,450.78,"12,054.00",460.30,"5,433,735.10",83,-5.30,16.30,-1.15,3.65,0.93,481.33,480.59,562.00,418.00
19,BGWT,21.70,472.00,476.00,465.00,465.30,465.30,0.00,0.00,470.07,"5,583.00",471.00,"2,624,408.40",58,-5.70,11.00,-1.21,2.37,-1.03,598.63,655.19,874.00,435.00
20,BHCL,21.89,520.00,525.00,505.00,512.40,512.40,0.00,0.00,510.87,"12,134.00",510.00,"6,198,947.90",232,2.40,20.00,0.47,3.96,0.30,535.11,549.63,699.00,394.00
21,BHDC,21.16,416.10,423.00,416.10,417.60,417.60,0.00,0.00,418.20,"3,245.00",419.50,"1,357,072.00",45,-1.90,6.90,-0.45,1.66,-0.14,444.42,457.27,616.00,401.10
22,BHL,28.18,212.00,213.80,210.00,210.90,210.90,0.00,0.00,211.19,"75,379.00",212.60,"15,919,067.60",287,-1.70,3.80,-0.80,1.81,-0.14,214.29,212.39,264.40,172.10
23,BHPL,24.42,426.10,431.80,426.10,429.00,429.00,0.00,0.00,429.40,"4,754.00",433.00,"2,041,371.00",37,-4.00,5.70,-0.92,1.34,-0.09,499.21,521.80,748.00,417.20
24,BJHL,22.99,570.00,570.00,543.30,559.00,559.00,0.00,0.00,556.06,"5,300.00",575.00,"2,947,132.40",115,-16.00,26.70,-2.78,4.91,0.53,824.78,0.00,"1,305.00",270.10
25,BNHC,24.79,268.00,270.80,263.90,268.90,268.90,0.00,0.00,267.97,"11,881.00",272.00,"3,183,778.00",85,-3.10,6.90,-1.14,2.61,0.35,304.39,346.53,613.80,247.50
26,BNT,18.04,"11,670.70","11,670.70","11,670.70","11,670.70","11,670.70",0.00,0.00,"11,670.70",10.00,"11,900.00","116,707.00",1,-229.30,0.00,-1.93,0.00,0.00,"11,699.41","11,759.11","12,940.00","10,660.00"
27,BPCL,21.54,640.20,650.00,640.20,644.00,644.00,0.00,0.00,645.14,"15,003.00",645.00,"9,679,049.20",79,-1.00,9.80,-0.16,1.53,-0.18,667.64,692.26,819.00,612.00
28,BUNGAL,26.89,486.00,486.00,471.00,476.90,476.90,0.00,0.00,478.54,"15,870.00",489.20,"7,594,440.70",193,-12.30,15.00,-2.51,3.18,-0.34,614.13,630.60,895.00,302.40
29,CBBL,24.05,948.00,951.00,943.50,943.50,943.50,0.00,0.00,946.53,"12,983.00",948.00,"12,288,783.50",158,-4.50,7.50,-0.47,0.79,-0.32,925.10,928.91,"1,054.90",882.00
30,CBLD88,18.03,"1,232.00","1,232.00","1,195.00","1,195.00","1,195.00",0.00,0.00,"1,225.00",60.00,"1,268.00","73,500.00",3,-73.00,37.00,-5.76,3.10,-2.51,"1,218.47","1,199.11","1,325.00","1,148.40"
31,CCBD88,19.14,"1,200.10","1,200.10","1,200.10","1,200.10","1,200.10",0.00,0.00,"1,200.10",25.00,"1,200.00","30,002.50",1,0.10,0.00,0.01,0.00,0.00,"1,217.80","1,198.36","1,326.00","1,140.00"
32,CFCL,33.34,563.00,565.00,555.00,559.70,559.70,0.00,0.00,558.86,"29,763.00",570.00,"16,633,403.30",130,-10.30,10.00,-1.81,1.80,0.15,583.73,568.50,699.00,455.00
33,CGH,24.00,762.00,765.00,753.70,758.00,758.00,0.00,0.00,757.89,"4,953.00",762.10,"3,753,831.50",70,-4.10,11.30,-0.54,1.50,0.01,787.15,810.48,983.00,748.00
34,CHCL,28.91,340.00,340.00,324.80,328.00,328.00,0.00,0.00,329.96,"112,115.00",339.00,"36,993,475.60",506,-11.00,15.20,-3.24,4.68,-0.60,459.65,467.39,525.00,324.80
35,CHDC,24.58,"2,335.00","2,336.20","2,300.00","2,324.90","2,324.90",0.00,0.00,"2,311.99","18,054.00","2,349.50","41,740,609.30",189,-24.60,36.20,-1.05,1.57,0.56,"2,250.18","2,310.09","2,717.00","1,967.00"
36,CHL,22.81,260.00,260.00,253.00,253.20,253.20,0.00,0.00,254.49,"7,683.00",258.00,"1,955,262.00",42,-4.80,7.00,-1.86,2.77,-0.51,274.74,278.85,332.50,223.40
37,CIT,21.15,"1,749.00","1,749.00","1,721.10","1,725.00","1,725.00",0.00,0.00,"1,726.70","1,710.00","1,735.00","2,952,662.10",68,-10.00,27.90,-0.58,1.62,-0.10,"1,730.96","1,752.42","1,973.00","1,621.10"
38,CITY,22.23,340.10,344.00,337.00,339.00,339.00,0.00,0.00,339.12,"28,777.00",343.70,"9,758,845.00",176,-4.70,7.00,-1.37,2.08,-0.04,389.69,421.58,590.70,327.20
39,CIZBD86,21.74,"1,175.00","1,175.00","1,140.00","1,140.00","1,140.00",0.00,0.00,"1,151.67",75.00,"1,210.00","86,375.00",3,-70.00,35.00,-5.79,3.07,-1.02,"1,112.65",0.00,"1,320.90","1,112.30"
40,CIZBD90,29.82,"1,225.00","1,225.00","1,225.00","1,225.00","1,225.00",0.00,0.00,"1,225.00",25.00,"1,215.50","30,625.00",1,9.50,0.00,0.78,0.00,0.00,"1,208.00","1,182.21","1,303.00","1,010.00"
41,CKHL,32.49,510.00,524.00,497.00,524.00,524.00,0.00,0.00,509.24,"5,368.00",524.90,"2,733,627.00",65,-0.90,27.00,-0.17,5.43,2.82,625.41,650.31,804.00,497.00
42,CLI,27.86,430.00,432.00,427.10,429.00,429.00,0.00,0.00,429.37,"23,320.00",433.00,"10,012,865.50",214,-4.00,4.90,-0.92,1.15,-0.09,445.99,455.57,526.00,410.00
43,CORBL,41.31,807.00,829.00,792.10,792.10,792.10,0.00,0.00,808.46,"17,915.00",810.00,"14,483,479.20",280,-17.90,36.90,-2.21,4.66,-2.06,"1,535.66","1,606.81","3,183.00",725.00
44,CREST,23.67,"1,077.00","1,079.00","1,050.00","1,067.00","1,067.00",0.00,0.00,"1,053.54","2,983.00","1,077.00","3,142,700.00",122,-10.00,29.00,-0.93,2.76,1.26,"1,181.14","1,243.55","1,588.00","1,000.00"
45,CSY,18.33,8.28,8.76,8.28,8.60,8.60,0.00,0.00,8.58,"1,506.00",8.52,"12,928.56",11,0.08,0.48,0.94,5.80,0.18,9.07,0.00,10.00,8.01
46,CYCL,27.71,"1,509.50","1,519.00","1,450.00","1,519.00","1,519.00",0.00,0.00,"1,469.03","12,648.00","1,544.00","18,580,349.10",146,-25.00,69.00,-1.62,4.76,3.29,"1,456.27","1,498.14","1,768.40","1,216.00"
47,CZBIL,24.89,201.50,203.80,199.00,200.70,200.70,0.00,0.00,200.36,"73,157.00",203.28,"14,658,048.30",196,-2.58,4.80,-1.27,2.41,0.17,203.37,203.25,238.60,183.00
48,DDBL,24.36,849.10,850.00,840.30,843.00,843.00,0.00,0.00,846.36,"5,000.00",849.00,"4,231,815.50",63,-6.00,9.70,-0.71,1.15,-0.40,840.69,842.65,927.00,793.00
49,DHEL,30.37,519.00,525.00,490.00,505.30,505.30,0.00,0.00,502.30,"14,357.00",517.00,"7,211,579.70",219,-11.70,35.00,-2.26,7.14,0.59,595.47,632.24,918.90,402.20
50,DHPL,29.91,260.50,273.00,260.50,273.00,273.00,0.00,0.00,269.22,"3,751.00",267.60,"1,009,831.40",21,5.40,12.50,2.02,4.80,1.39,290.32,296.25,345.00,254.00
51,DLBS,20.35,"1,080.00","1,100.00","1,060.10","1,070.00","1,070.00",0.00,0.00,"1,073.51",369.00,"1,090.10","396,127.00",21,-20.10,39.90,-1.84,3.76,-0.33,"1,220.00","1,262.14","1,495.00",927.00
52,DOLTI,30.95,298.00,305.00,297.00,303.00,303.00,0.00,0.00,299.46,"24,440.00",305.10,"7,318,877.20",127,-2.10,8.00,-0.69,2.69,1.17,341.03,398.66,596.00,275.00
53,DORDI,21.49,253.00,255.00,251.60,254.10,254.10,0.00,0.00,253.53,"13,884.00",256.00,"3,519,973.30",88,-1.90,3.40,-0.74,1.35,0.23,262.39,269.85,327.40,213.10
54,EBL,34.55,700.00,700.00,695.20,695.30,695.30,0.00,0.00,698.05,"25,476.00",700.00,"17,783,447.30",185,-4.70,4.80,-0.67,0.69,-0.40,708.21,698.79,760.20,619.00
55,EBLD85,37.42,"1,140.00","1,158.00","1,140.00","1,158.00","1,158.00",0.00,0.00,"1,150.51",131.00,"1,130.00","150,716.70",9,28.00,18.00,2.48,1.58,0.65,"1,153.04","1,153.66","1,250.00","1,091.80"
56,EBLD86,35.31,"1,086.10","1,100.00","1,086.10","1,100.00","1,100.00",0.00,0.00,"1,093.05",50.00,"1,102.00","54,652.50",2,-2.00,13.90,-0.18,1.28,0.63,"1,093.89","1,080.21","1,154.00","1,050.00"
57,EBLD91,46.36,"1,120.00","1,125.00","1,120.00","1,120.00","1,120.00",0.00,0.00,"1,120.69",180.00,"1,120.00","201,725.00",5,0.00,5.00,0.00,0.45,-0.06,"1,088.32","1,091.65","1,142.40","1,020.10"
58,EBLEB89,22.17,"1,102.20","1,102.20","1,102.20","1,102.20","1,102.20",0.00,0.00,"1,102.20",10.00,"1,070.10","11,022.00",1,32.10,0.00,3.00,0.00,0.00,"1,054.88",0.00,"1,133.00","1,037.80"
59,ECL,25.95,"1,240.00","1,260.00","1,210.50","1,216.00","1,216.00",0.00,0.00,"1,226.59","10,905.00","1,255.00","13,375,975.40",240,-39.00,49.50,-3.11,4.09,-0.87,0.00,0.00,"1,980.00",296.60
60,EDBL,20.62,560.00,565.00,560.00,565.00,565.00,0.00,0.00,563.29,"2,455.00",565.00,"1,382,885.00",10,0.00,5.00,0.00,0.89,0.30,576.59,584.87,683.40,535.90
61,EHPL,23.53,319.00,320.00,315.20,317.00,317.00,0.00,0.00,316.63,"5,168.00",319.00,"1,636,363.40",61,-2.00,4.80,-0.63,1.52,0.12,362.42,382.34,525.00,295.00
62,ENL,37.28,498.30,500.00,475.10,485.00,485.00,0.00,0.00,486.04,"47,488.00",498.30,"23,081,029.10",243,-13.30,24.90,-2.67,5.24,-0.21,808.20,847.55,"1,021.00",458.90
63,FMDBL,16.58,730.50,730.50,720.10,726.80,726.80,0.00,0.00,723.76,"3,974.00",731.70,"2,876,221.80",63,-4.90,10.40,-0.67,1.44,0.42,776.83,789.85,982.00,689.80
64,FOWAD,25.17,882.50,893.00,871.00,880.00,880.00,0.00,0.00,880.96,"2,577.00",882.50,"2,270,242.50",47,-2.50,22.00,-0.28,2.53,-0.11,998.83,"1,029.40","1,364.00",834.20
65,GBBD85,36.98,"1,076.00","1,076.00","1,076.00","1,076.00","1,076.00",0.00,0.00,"1,076.00",20.00,"1,045.10","21,520.00",1,30.90,0.00,2.96,0.00,0.00,"1,079.16","1,084.06","1,135.00","1,036.50"
66,GBBL,21.99,400.00,400.80,398.00,399.00,399.00,0.00,0.00,399.48,"67,117.00",400.00,"26,812,151.50",219,-1.00,2.80,-0.25,0.70,-0.12,418.06,413.64,460.00,367.40
67,GBIME,29.62,243.00,243.00,240.00,240.30,240.30,0.00,0.00,241.34,"108,699.00",243.00,"26,233,303.70",453,-2.70,3.00,-1.11,1.25,-0.43,242.87,239.67,270.60,218.90
68,GBIMESY2,47.44,8.87,9.27,8.87,9.27,9.27,0.00,0.00,9.04,"11,760.00",8.83,"106,342.50",12,0.44,0.40,4.98,4.51,2.45,9.26,9.29,10.78,8.50
69,GBLBS,22.63,662.00,668.00,656.10,668.00,668.00,0.00,0.00,658.56,"1,496.00",664.00,"985,207.70",36,4.00,11.90,0.60,1.81,1.41,737.73,752.28,868.00,610.00
70,GCIL,22.52,363.90,399.50,363.90,380.00,380.00,0.00,0.00,379.78,"21,802.00",383.00,"8,280,058.80",221,-3.00,35.60,-0.78,9.78,0.06,384.91,400.37,489.90,315.50
71,GFCL,22.42,567.00,567.00,555.10,561.00,561.00,0.00,0.00,559.00,"2,787.00",560.30,"1,557,939.90",28,0.70,11.90,0.12,2.14,0.36,612.06,627.56,738.00,550.00
72,GHL,40.28,263.00,277.50,263.00,275.00,275.00,0.00,0.00,273.91,"834,852.00",269.00,"228,677,374.90","1,464",6.00,14.50,2.23,5.51,0.40,235.93,237.59,290.00,197.10
73,GIBF1,35.78,10.15,10.24,10.15,10.24,10.24,0.00,0.00,10.20,"12,800.00",10.14,"130,599.00",13,0.10,0.09,0.99,0.89,0.36,10.82,10.80,11.93,9.70
74,GILB,26.91,"1,091.10","1,125.00","1,091.00","1,119.00","1,119.00",0.00,0.00,"1,107.72","3,600.00","1,100.10","3,987,794.70",61,18.90,34.00,1.72,3.12,1.01,"1,111.04","1,129.41","1,350.00","1,020.10"
75,GLBSL,20.90,"1,660.00","1,690.00","1,655.00","1,690.00","1,690.00",0.00,0.00,"1,662.23",61.00,"1,680.00","101,396.00",6,10.00,35.00,0.60,2.11,1.64,"1,765.30","1,829.69","2,310.00","1,585.10"
76,GLH,28.20,273.00,273.00,265.10,268.00,268.00,0.00,0.00,268.34,"70,014.00",273.00,"18,787,503.80",258,-5.00,7.90,-1.83,2.98,-0.13,261.96,265.40,328.20,237.10
77,GMFBS,24.95,"1,065.00","1,090.00","1,050.10","1,090.00","1,090.00",0.00,0.00,"1,062.31",318.00,"1,090.00","337,813.80",23,0.00,39.90,0.00,3.80,2.54,"1,233.63","1,311.01","1,688.00","1,041.00"
78,GMFIL,24.69,411.00,414.00,410.00,414.00,414.00,0.00,0.00,411.18,"4,704.00",412.00,"1,934,175.70",32,2.00,4.00,0.49,0.98,0.68,457.09,464.24,540.00,393.10
79,GMLI,23.15,923.00,935.00,922.20,935.00,935.00,0.00,0.00,927.91,677.00,949.00,"628,196.00",28,-14.00,12.80,-1.48,1.39,0.76,"1,193.70","1,377.21","2,068.00",889.00
80,GRDBL,26.92,901.20,947.70,900.00,915.90,915.90,0.00,0.00,914.15,"2,536.00",923.80,"2,318,273.50",62,-7.90,47.70,-0.86,5.30,0.19,"1,039.28","1,068.73","1,320.00",900.00
81,GSY,37.13,9.05,9.07,9.05,9.06,9.06,0.00,0.00,9.06,"2,000.00",9.07,"18,128.00",11,-0.01,0.02,-0.11,0.22,-0.04,9.68,9.63,10.46,8.50
82,GUFL,30.30,495.00,495.00,483.00,490.00,490.00,0.00,0.00,489.37,"8,484.00",497.00,"4,151,798.00",59,-7.00,12.00,-1.41,2.48,0.13,536.85,544.21,644.00,460.60
83,GVL,34.39,490.50,496.70,490.00,496.00,496.00,0.00,0.00,492.57,"20,194.00",493.40,"9,946,913.70",160,2.60,6.70,0.53,1.37,0.69,486.06,491.45,602.00,461.00
84,H8020,36.65,11.03,11.03,11.02,11.02,11.02,0.00,0.00,11.03,"70,230.00",11.10,"774,321.90",13,-0.08,0.01,-0.72,0.09,-0.05,11.81,11.71,13.18,10.00
85,HATHY,41.40,440.00,440.00,416.20,422.10,422.10,0.00,0.00,426.22,"199,197.00",440.00,"84,901,572.20",924,-17.90,23.80,-4.07,5.72,-0.98,713.38,782.19,"1,050.00",385.00
86,HBL,24.31,191.30,192.00,190.00,191.20,191.20,0.00,0.00,190.59,"46,511.00",191.30,"8,864,640.30",517,-0.10,2.00,-0.05,1.05,0.32,198.40,198.86,237.00,183.00
87,HDHPC,29.50,217.00,222.00,217.00,219.50,219.50,0.00,0.00,219.97,"193,780.00",220.00,"42,625,228.60",388,-0.50,5.00,-0.23,2.30,-0.21,216.96,214.20,274.00,165.10
88,HDL,24.04,"1,350.00","1,350.00","1,280.00","1,282.00","1,282.00",0.00,0.00,"1,284.02","59,917.00","1,293.00","76,934,527.30",599,-11.00,70.00,-0.85,5.47,-0.16,"1,173.75","1,171.05","1,415.70","1,097.60"
89,HEI,26.52,444.00,453.00,431.00,449.80,449.80,0.00,0.00,435.83,"14,019.00",444.10,"6,109,846.00",48,5.70,22.00,1.28,5.10,3.11,521.52,521.93,596.00,418.00
90,HFIN,22.04,560.00,560.00,544.00,544.10,544.10,0.00,0.00,549.50,"25,223.00",560.00,"13,860,067.30",505,-15.90,16.00,-2.84,2.94,-0.99,793.10,0.00,"1,450.60",101.70
91,HHL,24.97,340.00,340.00,334.00,337.00,337.00,0.00,0.00,336.45,"13,118.00",341.50,"4,413,490.30",79,-4.50,6.00,-1.32,1.80,0.16,351.74,349.81,416.60,309.00
92,HIDCL,23.72,248.00,249.90,246.10,246.90,246.90,0.00,0.00,247.64,"42,063.00",249.50,"10,416,346.00",142,-2.60,3.80,-1.04,1.54,-0.30,259.54,263.27,307.00,232.60
93,HIDCLP,24.62,196.20,196.20,185.00,186.20,186.20,0.00,0.00,186.25,"72,596.00",186.90,"13,521,113.20",111,-0.70,11.20,-0.37,6.05,-0.03,194.79,195.87,230.60,174.40
94,HIMSTAR,26.95,611.10,614.00,601.00,604.00,604.00,0.00,0.00,606.25,"3,318.00",619.00,"2,011,528.70",64,-15.00,13.00,-2.42,2.16,-0.37,773.67,839.93,"1,264.00",585.00
95,HLBSL,20.95,873.00,873.00,852.10,852.30,852.30,0.00,0.00,853.28,258.00,870.00,"220,146.00",10,-17.70,20.90,-2.03,2.45,-0.11,883.12,896.58,"1,005.00",830.00
96,HLI,28.83,300.00,300.00,289.10,294.80,294.80,0.00,0.00,293.24,"81,762.00",300.00,"23,975,599.70",402,-5.20,10.90,-1.73,3.77,0.53,327.44,342.81,412.90,284.30
97,HLICF,25.30,8.25,8.45,8.25,8.45,8.45,0.00,0.00,8.42,"1,050.00",8.50,"8,837.50",3,-0.05,0.20,-0.59,2.42,0.39,8.80,9.00,10.55,7.88
98,HPPL,28.16,380.20,381.00,379.20,380.00,380.00,0.00,0.00,379.89,"80,636.00",380.90,"30,632,726.00",216,-0.90,1.80,-0.24,0.47,0.03,376.58,406.08,605.00,340.10
99,HRL,31.68,520.00,520.00,490.10,494.00,494.00,0.00,0.00,494.23,"34,437.00",499.00,"17,019,788.80",502,-5.00,29.90,-1.00,6.10,-0.05,605.86,687.68,950.00,475.40
100,HURJA,31.86,253.40,259.00,250.10,253.00,253.00,0.00,0.00,253.17,"72,924.00",257.00,"18,461,910.30",188,-4.00,8.90,-1.56,3.56,-0.07,247.46,251.63,312.10,204.60
101,ICFC,26.89,588.50,592.00,588.00,591.00,591.00,0.00,0.00,590.06,"8,297.00",592.00,"4,895,691.50",27,-1.00,4.00,-0.17,0.68,0.16,613.64,629.01,715.00,567.60
102,ICFCD83,43.30,"1,079.90","1,080.00","1,079.90","1,080.00","1,080.00",0.00,0.00,"1,079.98",119.00,"1,055.00","128,517.50",4,25.00,0.10,2.37,0.01,0.00,"1,151.32","1,183.64","1,272.20",843.20
103,ICFCD88,34.32,"1,150.00","1,150.00","1,150.00","1,150.00","1,150.00",0.00,0.00,"1,150.00",50.00,"1,150.00","57,500.00",3,0.00,0.00,0.00,0.00,0.00,"1,145.28","1,143.11","1,216.00","1,083.90"
104,ICFCD89,40.27,"1,107.00","1,110.00","1,107.00","1,110.00","1,110.00",0.00,0.00,"1,109.00",75.00,"1,111.00","83,175.00",3,-1.00,3.00,-0.09,0.27,0.09,0.00,0.00,"1,140.00","1,020.00"
105,IGI,25.81,385.00,388.70,375.10,380.40,380.40,0.00,0.00,380.73,"10,681.00",384.50,"4,066,550.70",51,-4.10,13.60,-1.07,3.63,-0.09,427.93,431.56,501.00,355.10
106,IHL,22.53,315.00,318.00,301.00,306.00,306.00,0.00,0.00,307.32,"10,184.00",315.50,"3,129,739.90",57,-9.50,17.00,-3.01,5.65,-0.43,373.76,427.36,638.00,282.50
107,ILBS,27.75,907.00,932.00,901.00,921.00,921.00,0.00,0.00,912.23,"8,457.00",917.00,"7,714,717.20",48,4.00,31.00,0.44,3.44,0.95,909.23,935.17,"1,246.00",800.00
108,ILI,34.13,416.00,427.00,416.00,425.00,425.00,0.00,0.00,422.30,"13,081.00",423.60,"5,524,163.20",269,1.40,11.00,0.33,2.64,0.63,425.62,433.07,489.60,396.30
109,JBBL,25.46,338.10,343.00,335.10,340.00,340.00,0.00,0.00,338.66,"29,408.00",343.00,"9,959,332.10",110,-3.00,7.90,-0.87,2.36,0.39,349.50,348.95,395.00,295.00
110,JBLB,25.21,"1,271.00","1,277.00","1,267.00","1,270.00","1,270.00",0.00,0.00,"1,269.33","3,009.00","1,278.00","3,819,419.10",78,-8.00,10.00,-0.63,0.79,0.05,"1,274.75","1,299.11","1,644.00","1,187.50"
111,JFL,29.54,273.00,281.10,273.00,279.00,279.00,0.00,0.00,278.62,"1,276.00",280.00,"355,522.00",24,-1.00,8.10,-0.36,2.97,0.14,383.96,401.67,492.00,250.10
112,JHAPA,22.10,"1,009.10","1,009.90","1,001.00","1,009.90","1,009.90",0.00,0.00,"1,003.05","1,378.00","1,011.00","1,382,205.00",32,-1.10,8.90,-0.11,0.89,0.68,"1,262.83","1,316.95","1,929.00",293.40
113,JOSHI,27.26,255.10,260.00,248.00,257.00,257.00,0.00,0.00,253.49,"17,317.00",260.00,"4,389,609.20",99,-3.00,12.00,-1.15,4.84,1.37,273.62,282.12,388.60,245.00
114,JSLBB,20.40,931.50,931.50,931.50,931.50,931.50,0.00,0.00,921.79,31.00,942.00,"28,575.50",3,-10.50,0.00,-1.11,0.00,1.04,"1,033.77","1,080.51","1,308.00",905.20
115,KAHL,27.85,458.00,460.00,441.20,444.00,444.00,0.00,0.00,448.56,"30,019.00",458.00,"13,465,209.50",791,-14.00,18.80,-3.06,4.26,-1.03,0.00,0.00,613.00,295.40
116,KBL,24.26,220.00,224.00,220.00,222.80,222.80,0.00,0.00,222.37,"220,322.00",225.50,"48,992,176.20",387,-2.70,4.00,-1.20,1.82,0.19,217.67,211.60,256.00,176.00
117,KBLD89,32.36,"1,326.00","1,326.00","1,326.00","1,326.00","1,326.00",0.00,0.00,"1,326.00",294.00,"1,326.00","389,844.00",1,0.00,0.00,0.00,0.00,0.00,"1,255.12","1,224.79","1,379.00","1,213.20"
118,KBSH,21.68,795.00,807.00,789.00,797.00,797.00,0.00,0.00,794.64,"2,371.00",806.00,"1,884,098.40",51,-9.00,18.00,-1.12,2.28,0.30,"1,249.80","1,396.05","1,907.00",758.10
119,KDBY,19.82,9.96,10.01,9.96,10.00,10.00,0.00,0.00,10.00,"6,400.00",10.01,"64,004.00",15,-0.01,0.05,-0.10,0.50,-0.01,10.96,10.68,12.54,8.77
120,KDL,31.78,567.00,567.00,555.30,558.00,558.00,0.00,0.00,559.81,"15,629.00",567.00,"8,749,324.20",166,-9.00,11.70,-1.59,2.11,-0.32,774.17,806.04,"1,185.00",555.30
121,KEF,19.42,9.25,9.28,9.25,9.28,9.28,0.00,0.00,9.26,"1,540.00",9.25,"14,260.40",12,0.03,0.03,0.32,0.32,0.22,10.41,10.12,11.30,8.31
122,KHPL,27.36,653.00,656.00,620.00,624.00,624.00,0.00,0.00,632.56,"5,563.00",651.00,"3,518,945.40",155,-27.00,36.00,-4.15,5.81,-1.37,0.00,0.00,"1,324.80",300.00
123,KKHC,26.76,265.00,272.60,265.00,271.80,271.80,0.00,0.00,268.42,"72,097.00",269.20,"19,352,537.90",257,2.60,7.60,0.97,2.87,1.24,272.54,268.92,362.00,208.00
124,KMCDB,19.14,777.10,798.80,777.10,780.20,780.20,0.00,0.00,781.93,"1,029.00",799.50,"804,611.00",23,-19.30,21.70,-2.41,2.79,-0.22,831.87,873.13,"1,189.30",735.00
125,KPCL,27.31,450.00,460.00,446.10,459.00,459.00,0.00,0.00,456.30,"11,101.00",455.90,"5,065,376.00",83,3.10,13.90,0.68,3.12,0.59,477.48,498.05,657.00,440.60
126,KSBBL,29.95,445.20,448.00,442.10,442.60,442.60,0.00,0.00,444.06,"18,783.00",447.00,"8,340,730.30",58,-4.40,5.90,-0.98,1.33,-0.33,475.60,473.33,534.00,404.10
127,LBBL,25.62,473.10,476.00,470.00,473.90,473.90,0.00,0.00,471.89,"26,119.00",478.00,"12,325,200.30",79,-4.10,6.00,-0.86,1.28,0.42,487.27,488.15,555.00,433.00
128,LEC,24.57,242.00,247.00,241.00,243.00,243.00,0.00,0.00,243.08,"178,552.00",245.00,"43,402,475.40",395,-2.00,6.00,-0.82,2.49,-0.03,226.05,225.60,276.00,180.00
129,LICN,20.77,773.00,780.00,772.00,780.00,780.00,0.00,0.00,774.26,"6,347.00",781.80,"4,914,206.90",45,-1.80,8.00,-0.23,1.04,0.74,796.47,816.43,969.00,741.50
130,LLBS,19.22,810.00,810.00,800.10,810.00,810.00,0.00,0.00,804.13,275.00,805.00,"221,137.00",10,5.00,9.90,0.62,1.24,0.72,917.12,939.71,"1,081.90",771.40
131,LSD92,26.64,"1,130.00","1,165.00","1,130.00","1,165.00","1,165.00",0.00,0.00,"1,155.03","36,737.00","1,150.00","42,432,382.10",238,15.00,35.00,1.30,3.10,0.86,0.00,0.00,"1,165.00","1,000.00"
132,LSH12,20.75,8.89,8.90,8.89,8.90,8.90,0.00,0.00,8.89,500.00,9.00,"4,447.00",5,-0.10,0.01,-1.11,0.11,0.07,0.00,0.00,10.00,8.55
133,LSL,27.93,254.60,255.00,250.20,252.90,252.90,0.00,0.00,253.38,"171,868.00",254.60,"43,548,094.80",305,-1.70,4.80,-0.67,1.92,-0.19,223.29,221.05,260.00,203.00
134,LUK,43.29,9.75,9.75,9.46,9.46,9.46,0.00,0.00,9.52,"5,300.00",9.73,"50,475.00",6,-0.27,0.29,-2.77,3.07,-0.67,9.96,9.89,10.91,8.97
135,MABEL,26.23,560.00,560.00,536.00,553.00,553.00,0.00,0.00,546.39,"6,505.00",563.00,"3,554,241.90",119,-10.00,24.00,-1.78,4.48,1.20,638.88,679.54,927.00,317.70
136,MAKAR,21.17,403.00,407.00,401.20,403.90,403.90,0.00,0.00,404.51,"29,028.00",404.10,"11,742,064.70",115,-0.20,5.80,-0.05,1.45,-0.15,461.20,488.16,619.00,389.00
137,MANDU,25.30,792.00,792.00,753.10,772.20,772.20,0.00,0.00,769.73,"5,959.00",792.00,"4,586,808.90",69,-19.80,38.90,-2.50,5.17,0.32,795.05,804.23,909.00,622.00
138,MATRI,24.19,705.00,718.00,702.50,702.60,702.60,0.00,0.00,708.25,477.00,720.00,"337,833.20",22,-17.40,15.50,-2.42,2.21,-0.80,844.87,890.32,"1,048.50",702.50
139,MBJC,33.59,291.00,296.50,290.00,296.50,296.50,0.00,0.00,293.12,"68,037.00",295.00,"19,943,003.30",263,1.50,6.50,0.51,2.24,1.14,280.41,285.31,333.00,248.50
140,MBL,36.17,250.00,253.00,246.70,253.00,253.00,0.00,0.00,250.06,"96,830.00",250.00,"24,212,893.00",154,3.00,6.30,1.20,2.55,1.16,250.52,246.31,284.00,205.00
141,MBLD87,19.30,"1,095.00","1,095.00","1,095.00","1,095.00","1,095.00",0.00,0.00,"1,095.00",25.00,"1,094.20","27,375.00",1,0.80,0.00,0.07,0.00,0.00,"1,080.68","1,050.92","1,171.00","1,074.00"
142,MBLEF,23.66,8.90,9.16,8.90,9.01,9.01,0.00,0.00,9.14,"3,300.00",9.10,"30,167.00",5,-0.09,0.26,-0.99,2.92,-1.46,9.90,9.95,10.89,8.44
143,MCHL,19.35,266.00,266.00,258.90,260.00,260.00,0.00,0.00,260.25,"3,638.00",266.90,"946,779.30",40,-6.90,7.10,-2.59,2.74,-0.10,300.87,341.84,538.90,232.00
144,MDB,23.49,572.50,572.50,555.70,557.00,557.00,0.00,0.00,557.19,"5,250.00",558.00,"2,925,230.00",56,-1.00,16.80,-0.18,3.02,-0.03,586.96,602.20,705.80,530.50
145,MEHL,24.71,255.00,258.00,248.00,250.00,250.00,0.00,0.00,250.46,"29,770.00",258.00,"7,456,238.90",153,-8.00,10.00,-3.10,4.03,-0.18,327.42,368.04,519.00,220.00
146,MEL,21.70,210.00,210.00,206.20,208.90,208.90,0.00,0.00,207.85,"6,450.00",210.90,"1,340,601.40",138,-2.00,3.80,-0.95,1.84,0.50,227.51,246.56,328.00,195.00
147,MEN,22.52,635.00,636.90,630.00,632.00,632.00,0.00,0.00,632.78,"47,103.00",635.40,"29,806,022.60",221,-3.40,6.90,-0.54,1.10,-0.12,604.04,600.48,683.40,535.00
148,MEPDL,26.43,622.00,625.00,610.00,620.00,620.00,0.00,0.00,617.01,"13,419.00",632.00,"8,279,602.60",516,-12.00,15.00,-1.90,2.46,0.48,0.00,0.00,855.00,300.00
149,MERO,25.60,588.00,589.90,585.00,589.00,589.00,0.00,0.00,586.24,"4,412.00",590.00,"2,586,492.40",36,-1.00,4.90,-0.17,0.84,0.47,683.33,704.72,860.00,584.90
150,MFIL,22.34,735.00,754.00,730.70,738.20,738.20,0.00,0.00,739.12,"10,643.00",741.00,"7,866,446.90",86,-2.80,23.30,-0.38,3.19,-0.12,776.03,786.84,938.00,545.00
151,MFILPO,31.21,335.00,335.00,335.00,335.00,335.00,0.00,0.00,335.00,"1,865.00",335.00,"624,775.00",1,0.00,0.00,0.00,0.00,0.00,0.00,0.00,422.00,335.00
152,MHCL,21.67,281.00,281.00,275.00,275.00,275.00,0.00,0.00,275.97,"4,282.00",281.00,"1,181,722.40",50,-6.00,6.00,-2.14,2.18,-0.35,326.38,344.47,445.00,261.00
153,MHL,22.56,433.00,444.90,433.00,444.90,444.90,0.00,0.00,439.10,"2,195.00",444.00,"963,824.50",42,0.90,11.90,0.20,2.75,1.30,482.06,495.45,580.00,433.00
154,MHNL,25.27,250.00,251.80,249.00,250.70,250.70,0.00,0.00,250.09,"13,124.00",251.50,"3,282,186.80",54,-0.80,2.80,-0.32,1.12,0.24,253.92,260.20,324.00,223.00
155,MKCL,32.57,796.00,798.00,775.30,780.00,780.00,0.00,0.00,784.27,"3,369.00",810.10,"2,642,198.10",99,-30.10,22.70,-3.72,2.93,-0.55,"1,122.50","1,212.62","1,616.80",775.30
156,MKHC,27.77,243.10,249.00,243.10,248.90,248.90,0.00,0.00,246.44,"5,606.00",249.00,"1,381,528.50",57,-0.10,5.90,-0.04,2.43,0.99,295.83,311.53,414.90,232.10
157,MKHL,27.51,480.10,499.00,480.10,486.10,486.10,0.00,0.00,487.31,"3,111.00",490.00,"1,516,018.10",46,-3.90,18.90,-0.80,3.94,-0.25,529.12,621.28,915.00,457.00
158,MKJC,27.19,333.00,336.50,315.10,323.00,323.00,0.00,0.00,322.57,"30,851.00",337.00,"9,951,517.00",165,-14.00,21.40,-4.15,6.79,0.13,444.88,473.50,635.00,252.00
159,MLBBL,21.89,941.00,942.20,931.00,931.00,931.00,0.00,0.00,933.32,608.00,941.00,"567,458.40",12,-10.00,11.20,-1.06,1.20,-0.25,"1,125.17","1,201.85","1,661.00",894.00
160,MLBL,25.19,351.00,353.00,348.00,350.10,350.10,0.00,0.00,350.28,"17,628.00",354.00,"6,174,803.90",91,-3.90,5.00,-1.10,1.44,-0.05,359.45,365.37,418.00,330.70
161,MLBS,22.77,971.00,999.00,971.00,999.00,999.00,0.00,0.00,977.33,190.00,994.90,"185,693.00",13,4.10,28.00,0.41,2.88,2.17,"1,180.46","1,273.12","1,666.00",967.00
162,MLBSL,24.07,"1,082.00","1,083.00","1,050.00","1,065.00","1,065.00",0.00,0.00,"1,062.04",722.00,"1,082.10","766,795.60",26,-17.10,33.00,-1.58,3.14,0.28,"1,581.35","1,693.22","2,192.80","1,026.00"
163,MMF1,24.33,8.95,8.95,8.50,8.60,8.60,0.00,0.00,8.72,"7,822.00",8.83,"68,218.06",25,-0.23,0.45,-2.60,5.29,-1.41,9.33,9.28,10.16,8.27
164,MMKJL,40.30,380.10,380.10,358.00,358.00,358.00,0.00,0.00,361.52,"5,323.00",362.00,"1,924,349.30",66,-4.00,22.10,-1.10,6.17,-0.98,461.40,501.64,667.00,309.00
165,MNBBL,29.98,330.00,330.00,326.60,327.00,327.00,0.00,0.00,327.93,"17,449.00",330.00,"5,722,035.70",146,-3.00,3.40,-0.91,1.04,-0.28,364.24,366.55,467.00,314.20
166,MNMF1,23.00,8.91,9.10,8.91,9.10,9.10,0.00,0.00,8.98,"1,591.00",9.10,"14,295.10",7,0.00,0.19,0.00,2.13,1.26,9.68,9.64,10.40,8.53
167,MPFL,19.68,571.00,579.00,567.00,569.00,569.00,0.00,0.00,571.87,"6,271.00",579.00,"3,586,169.40",47,-10.00,12.00,-1.73,2.12,-0.50,614.84,627.50,744.00,491.00
168,MSHL,34.41,530.09,531.00,521.20,530.00,530.00,0.00,0.00,528.83,"9,043.00",533.50,"4,782,251.00",101,-3.50,9.80,-0.66,1.88,0.22,637.28,695.16,937.00,481.00
169,MSLB,19.55,"1,158.30","1,180.00","1,158.30","1,180.00","1,180.00",0.00,0.00,"1,165.15",270.00,"1,189.90","314,589.50",14,-9.90,21.70,-0.83,1.87,1.26,"1,239.68","1,267.16","1,634.00","1,089.90"
170,NABBC,22.01,700.10,709.90,690.00,697.20,697.20,0.00,0.00,704.27,"9,860.00",705.00,"6,944,093.70",57,-7.80,19.90,-1.11,2.88,-1.01,874.54,"1,070.62","1,835.00",662.00
171,NABIL,25.04,530.00,530.50,526.00,527.30,527.30,0.00,0.00,527.82,"53,979.00",528.70,"28,491,286.40",421,-1.40,4.50,-0.26,0.86,-0.10,538.16,527.92,581.00,485.00
172,NABILD2089,36.20,"1,105.00","1,110.00","1,105.00","1,105.00","1,105.00",0.00,0.00,"1,106.00",50.00,"1,105.00","55,300.00",3,0.00,5.00,0.00,0.45,-0.09,"1,080.82",0.00,"1,154.00","1,000.00"
173,NADEP,22.58,653.50,660.00,646.70,660.00,660.00,0.00,0.00,654.05,797.00,666.10,"521,275.50",16,-6.10,13.30,-0.92,2.06,0.90,732.73,754.85,871.00,646.70
174,NBBD2085,15.00,"1,120.00","1,120.00","1,120.00","1,120.00","1,120.00",0.00,0.00,"1,120.00",10.00,"1,130.00","11,200.00",1,-10.00,0.00,-0.88,0.00,0.00,"1,128.64","1,115.46","1,206.30","1,083.00"
175,NBF2,39.68,9.10,9.36,9.10,9.30,9.30,0.00,0.00,9.28,"8,100.00",9.00,"75,128.00",9,0.30,0.26,3.33,2.86,0.27,9.92,9.84,10.70,8.89
176,NBF3,36.51,8.90,9.00,8.90,8.94,8.94,0.00,0.00,8.94,"42,170.00",9.10,"377,060.00",14,-0.16,0.10,-1.76,1.12,-0.02,9.79,9.71,10.22,8.35
177,NBL,22.87,291.80,293.00,288.90,290.00,290.00,0.00,0.00,290.47,"101,049.00",291.80,"29,351,344.90",290,-1.80,4.10,-0.62,1.42,-0.16,272.12,265.98,302.90,235.00
178,NBLD85,25.71,"1,045.00","1,080.00","1,045.00","1,079.90","1,079.90",0.00,0.00,"1,072.80",150.00,"1,045.60","160,920.00",6,34.30,35.00,3.28,3.35,0.66,"1,058.59","1,049.60","1,187.00","1,020.00"
179,NBLD87,21.30,"1,095.00","1,095.00","1,095.00","1,095.00","1,095.00",0.00,0.00,"1,095.00",25.00,"1,100.30","27,375.00",1,-5.30,0.00,-0.48,0.00,0.00,"1,103.03","1,087.01","1,225.00","1,060.00"
180,NESDO,21.90,"1,290.00","1,322.00","1,290.00","1,322.00","1,322.00",0.00,0.00,"1,297.71",177.00,"1,325.00","229,695.10",15,-3.00,32.00,-0.23,2.48,1.84,"1,482.51","1,504.96","1,682.00","1,272.20"
181,NFS,24.29,478.60,478.60,470.10,473.00,473.00,0.00,0.00,474.98,"2,581.00",478.00,"1,225,918.00",30,-5.00,8.50,-1.05,1.81,-0.42,567.48,592.99,725.00,465.00
182,NGPL,23.10,415.00,415.00,391.10,393.30,393.30,0.00,0.00,393.88,"62,417.00",395.90,"24,584,746.10",213,-2.60,23.90,-0.66,6.11,-0.15,422.37,425.71,502.00,343.00
183,NHDL,37.41,630.00,642.00,630.00,642.00,642.00,0.00,0.00,633.02,920.00,639.70,"582,378.60",16,2.30,12.00,0.36,1.90,1.40,636.88,647.68,796.00,606.20
184,NHPC,22.14,260.00,260.00,256.40,257.30,257.30,0.00,0.00,257.74,"79,899.00",260.30,"20,593,530.00",255,-3.00,3.60,-1.15,1.40,-0.17,276.16,262.74,340.00,179.70
185,NIBLGF,31.92,9.15,9.16,9.00,9.00,9.00,0.00,0.00,9.13,"30,500.00",9.16,"278,450.00",11,-0.16,0.16,-1.75,1.78,-1.44,9.24,9.27,11.81,8.10
186,NIBLSTF,21.30,8.35,8.49,8.35,8.35,8.35,0.00,0.00,8.39,"1,965.00",8.33,"16,489.75",7,0.02,0.14,0.24,1.68,-0.50,8.91,8.97,10.85,8.00
187,NIBSF2,25.86,8.65,8.83,8.65,8.83,8.83,0.00,0.00,8.67,"2,300.00",8.62,"19,931.00",4,0.21,0.18,2.44,2.08,1.86,9.00,9.05,11.13,8.10
188,NICA,24.10,310.00,312.00,307.20,308.00,308.00,0.00,0.00,308.53,"38,436.00",309.30,"11,858,804.40",212,-1.30,4.80,-0.42,1.56,-0.17,336.82,340.05,411.00,302.90
189,NICAD85/86,15.97,"1,106.00","1,106.00","1,106.00","1,106.00","1,106.00",0.00,0.00,"1,106.00",50.00,"1,135.00","55,300.00",1,-29.00,0.00,-2.56,0.00,0.00,"1,126.57","1,103.24","1,264.00","1,097.00"
190,NICD88,31.81,"1,111.00","1,111.00","1,111.00","1,111.00","1,111.00",0.00,0.00,"1,111.00",25.00,"1,117.50","27,775.00",1,-6.50,0.00,-0.58,0.00,0.00,"1,079.50","1,066.09","1,153.00","1,043.00"
191,NICFC,27.56,8.91,8.92,8.91,8.92,8.92,0.00,0.00,8.92,"2,264.00",8.91,"20,191.89",5,0.01,0.01,0.11,0.11,0.01,9.21,9.22,9.89,8.37
192,NICGF2,23.60,8.70,8.78,8.70,8.78,8.78,0.00,0.00,8.77,"2,950.00",8.94,"25,857.50",9,-0.16,0.08,-1.79,0.92,0.17,9.24,9.26,10.13,8.14
193,NICL,20.98,430.00,442.90,430.00,436.00,436.00,0.00,0.00,437.15,"3,459.00",443.00,"1,512,088.90",42,-7.00,12.90,-1.58,3.00,-0.26,495.74,500.54,575.00,408.00
194,NICLBSL,30.20,501.00,504.00,495.00,500.00,500.00,0.00,0.00,498.75,"4,483.00",505.00,"2,235,899.90",95,-5.00,9.00,-0.99,1.82,0.25,556.50,564.37,679.00,490.00
195,NICSF,47.83,8.32,8.40,8.32,8.32,8.32,0.00,0.00,8.36,"11,683.00",8.32,"97,631.20",10,0.00,0.08,0.00,0.96,-0.44,9.03,9.06,9.97,8.04
196,NIFRA,23.26,244.50,244.50,240.20,241.50,241.50,0.00,0.00,242.17,"43,687.00",244.50,"10,579,891.80",350,-3.00,4.30,-1.23,1.79,-0.28,254.57,259.54,299.00,232.00
197,NIFRAGED,23.22,"1,073.20","1,073.20","1,073.20","1,073.20","1,073.20",0.00,0.00,"1,073.20",75.00,"1,073.20","80,490.00",2,0.00,0.00,0.00,0.00,0.00,"1,040.57","1,032.88","1,200.20",986.00
198,NIL,33.57,521.00,527.00,516.00,524.60,524.60,0.00,0.00,519.75,"2,981.00",525.00,"1,549,381.20",42,-0.40,11.00,-0.08,2.13,0.92,602.62,613.72,685.00,502.80
199,NIMB,23.55,191.00,191.00,189.00,190.00,190.00,0.00,0.00,189.66,"73,126.00",191.80,"13,869,383.30",256,-1.80,2.00,-0.94,1.06,0.18,195.61,196.98,232.50,181.00
200,NIMBD90,38.08,"1,225.00","1,225.00","1,225.00","1,225.00","1,225.00",0.00,0.00,"1,225.00",50.00,"1,225.00","61,250.00",1,0.00,0.00,0.00,0.00,0.00,"1,225.64","1,198.87","1,425.00","1,152.00"
201,NIMBPO,44.42,145.00,148.50,142.00,148.50,148.50,0.00,0.00,144.86,"158,666.00",145.00,"22,984,015.00",23,3.50,6.50,2.41,4.58,2.45,147.51,151.45,174.90,134.10
202,NLG,21.33,470.30,498.00,470.30,493.00,493.00,0.00,0.00,489.81,"3,471.00",495.00,"1,700,139.60",28,-2.00,27.70,-0.40,5.89,0.65,577.43,612.60,770.00,470.30
203,NLIC,27.21,728.00,731.00,716.20,717.00,717.00,0.00,0.00,723.29,"28,741.00",726.90,"20,788,151.20",238,-9.90,14.80,-1.36,2.07,-0.88,748.55,759.87,872.00,680.50
204,NLICL,20.76,560.30,568.00,560.30,564.00,564.00,0.00,0.00,562.55,"4,107.00",564.00,"2,310,377.40",34,0.00,7.70,0.00,1.37,0.26,577.58,582.84,644.00,538.40
205,NMB,27.27,250.10,254.00,248.30,251.80,251.80,0.00,0.00,250.30,"98,808.00",253.00,"24,731,272.10",214,-1.20,5.70,-0.47,2.30,0.60,244.21,244.03,272.00,230.00
206,NMBHF2,17.18,9.00,9.17,8.94,8.94,8.94,0.00,0.00,8.96,"2,417.00",8.90,"21,652.89",10,0.04,0.23,0.45,2.57,-0.21,9.53,9.54,10.20,8.36
207,NMBMF,20.71,580.10,597.00,580.10,581.30,581.30,0.00,0.00,582.38,512.00,590.00,"298,176.20",11,-8.70,16.90,-1.47,2.91,-0.18,623.09,643.30,750.00,570.00
208,NMBUR93/94,37.33,919.90,919.90,919.90,919.90,919.90,0.00,0.00,919.90,34.00,896.10,"31,276.60",1,23.80,0.00,2.66,0.00,0.00,0.00,0.00,"1,000.00",880.00
209,NMFBS,27.67,"1,186.00","1,186.90","1,165.00","1,178.00","1,178.00",0.00,0.00,"1,175.98","8,457.00","1,186.00","9,945,260.10",70,-8.00,21.90,-0.67,1.88,0.17,"1,128.19","1,138.01","1,370.00","1,051.90"
210,NMIC,23.89,781.10,795.00,781.10,783.00,783.00,0.00,0.00,787.44,"1,960.00",796.00,"1,543,379.00",81,-13.00,13.90,-1.63,1.78,-0.57,962.61,"1,076.19","1,525.00",765.30
211,NMLBBL,23.31,505.00,505.00,492.00,492.10,492.10,0.00,0.00,493.37,"3,416.00",497.20,"1,685,345.90",46,-5.10,13.00,-1.03,2.64,-0.26,552.84,581.58,697.60,468.40
212,NRIC,23.90,800.00,808.70,790.00,792.00,792.00,0.00,0.00,793.40,"11,809.00",802.90,"9,369,275.90",124,-10.90,18.70,-1.36,2.37,-0.18,925.66,"1,033.08","1,465.00",765.90
213,NRM,20.99,288.00,288.00,281.20,283.00,283.00,0.00,0.00,283.38,"2,270.00",289.80,"643,266.80",59,-6.80,6.80,-2.35,2.42,-0.13,336.67,369.35,470.00,270.90
214,NRN,22.74,"1,370.20","1,375.00","1,350.00","1,353.00","1,353.00",0.00,0.00,"1,357.52","32,168.00","1,372.00","43,668,672.00",341,-19.00,25.00,-1.38,1.85,-0.33,"1,417.50","1,454.49","2,175.00","1,280.00"
215,NSIF2,31.16,9.81,9.81,9.80,9.80,9.80,0.00,0.00,9.80,"110,450.00",9.90,"1,082,836.00",4,-0.10,0.01,-1.01,0.10,-0.04,10.59,10.62,11.45,9.65
216,NSY,35.18,8.85,9.11,8.75,8.86,8.86,0.00,0.00,8.88,"15,050.00",8.85,"133,696.50",15,0.01,0.36,0.11,4.11,-0.27,9.41,0.00,10.19,8.75
217,NTC,22.09,907.00,909.00,903.00,903.00,903.00,0.00,0.00,905.96,"4,548.00",907.00,"4,120,324.70",109,-4.00,6.00,-0.44,0.66,-0.33,872.40,871.19,942.50,831.00
218,NUBL,24.34,585.10,595.00,585.10,587.00,587.00,0.00,0.00,589.68,"3,202.00",588.00,"1,888,142.30",34,-1.00,9.90,-0.17,1.69,-0.46,630.26,656.65,802.00,555.10
219,NWCL,25.86,570.00,580.00,555.10,565.00,565.00,0.00,0.00,567.11,"2,229.00",566.00,"1,264,092.00",66,-1.00,24.90,-0.18,4.49,-0.37,723.71,776.04,"1,045.00",555.10
220,NYADI,22.70,340.00,347.90,340.00,341.50,341.50,0.00,0.00,341.48,"2,224.00",340.00,"759,455.00",45,1.50,7.90,0.44,2.32,0.01,377.71,388.64,482.00,335.30
221,OHL,20.97,603.00,610.20,603.00,607.00,607.00,0.00,0.00,604.92,603.00,610.00,"364,765.80",11,-3.00,7.20,-0.49,1.19,0.34,675.19,690.09,785.00,590.00
222,OMPL,30.96,867.00,899.00,842.10,855.00,855.00,0.00,0.00,851.61,"1,729.00",867.00,"1,472,427.40",74,-12.00,56.90,-1.38,6.76,0.40,"1,027.01","1,130.64","1,575.90",841.00
223,PBD88,25.56,"1,186.00","1,186.00","1,186.00","1,186.00","1,186.00",0.00,0.00,"1,186.00",25.00,"1,181.00","29,650.00",1,5.00,0.00,0.42,0.00,0.00,"1,206.54","1,207.77","1,284.00","1,145.00"
224,PBD93,26.92,"1,100.00","1,160.00","1,100.00","1,145.00","1,145.00",0.00,0.00,"1,139.87","18,124.00","1,115.00","20,658,985.00",142,30.00,60.00,2.69,5.45,0.45,0.00,0.00,"1,160.00",996.00
225,PBLD84,38.92,"1,100.00","1,100.00","1,100.00","1,100.00","1,100.00",0.00,0.00,"1,100.00","1,400.00","1,095.00","1,540,000.00",3,5.00,0.00,0.46,0.00,0.00,"1,109.68","1,103.89","1,158.40","1,057.20"
226,PCBL,28.84,250.00,259.90,250.00,257.90,257.90,0.00,0.00,258.09,"147,125.00",260.20,"37,972,161.40",204,-2.30,9.90,-0.88,3.96,-0.08,241.39,242.47,275.90,225.00
227,PCIL,24.25,615.00,616.00,603.00,605.20,605.20,0.00,0.00,607.13,"28,203.00",620.00,"17,122,941.80",730,-14.80,13.00,-2.39,2.16,-0.32,0.00,0.00,"1,280.00",300.00
228,PFL,33.07,336.00,338.00,325.00,326.80,326.80,0.00,0.00,329.22,"20,904.00",338.00,"6,882,086.60",175,-11.20,13.00,-3.31,4.00,-0.74,379.94,378.30,443.00,325.00
229,PHCL,36.26,330.00,333.50,325.10,329.90,329.90,0.00,0.00,328.46,"223,149.00",332.00,"73,295,545.30",575,-2.10,8.40,-0.63,2.58,0.44,306.65,303.17,405.90,249.70
230,PMHPL,21.80,298.00,298.00,295.00,297.60,297.60,0.00,0.00,296.25,"2,812.00",301.90,"833,057.90",27,-4.30,3.00,-1.42,1.02,0.45,325.45,334.38,428.00,287.00
231,PMLI,22.81,415.00,419.00,415.00,417.40,417.40,0.00,0.00,416.74,"2,618.00",422.70,"1,091,017.40",68,-5.30,4.00,-1.25,0.96,0.16,448.18,466.02,543.60,392.60
232,PPCL,18.65,327.20,332.80,327.20,332.00,332.00,0.00,0.00,329.21,"1,612.00",335.00,"530,680.20",19,-3.00,5.60,-0.90,1.71,0.84,357.91,366.55,462.00,284.10
233,PPL,25.19,317.00,320.00,314.00,318.00,318.00,0.00,0.00,316.26,"12,511.00",321.10,"3,956,690.80",109,-3.10,6.00,-0.97,1.91,0.55,337.04,348.23,425.00,263.20
234,PRIN,21.55,585.00,590.00,580.40,585.00,585.00,0.00,0.00,582.70,"3,103.00",585.00,"1,808,105.00",35,0.00,9.60,0.00,1.65,0.39,659.65,682.18,794.90,564.40
235,PROFL,22.16,364.50,382.10,364.50,376.10,376.10,0.00,0.00,377.62,"2,533.00",383.60,"956,511.60",28,-7.50,17.60,-1.96,4.83,-0.40,428.10,442.45,522.00,360.10
236,PRSF,41.25,11.95,12.15,11.94,11.98,11.98,0.00,0.00,12.00,"273,011.00",12.16,"3,276,037.53",22,-0.18,0.21,-1.48,1.76,-0.16,12.71,12.26,13.61,9.85
237,PRVU,26.43,186.00,186.00,181.60,182.50,182.50,0.00,0.00,183.19,"131,046.00",186.00,"24,006,243.70",337,-3.50,4.40,-1.88,2.42,-0.38,192.94,193.85,235.60,169.70
238,PSF,33.44,10.92,11.00,10.83,10.83,10.83,0.00,0.00,10.92,"10,551.00",10.92,"115,222.40",13,-0.09,0.17,-0.82,1.57,-0.84,11.90,11.69,13.00,9.91
239,PURE,23.34,779.30,779.30,760.00,764.00,764.00,0.00,0.00,764.92,980.00,779.50,"749,619.00",43,-15.50,19.30,-1.99,2.54,-0.12,860.10,915.18,"1,262.00",662.00
240,RADHI,23.19,699.00,709.80,697.00,709.80,709.80,0.00,0.00,700.16,"37,967.00",706.50,"26,582,832.20",140,3.30,12.80,0.47,1.84,1.36,738.83,771.59,940.00,618.80
241,RAWA,24.05,390.10,410.00,390.10,408.70,408.70,0.00,0.00,405.23,"10,850.00",409.90,"4,396,783.80",76,-1.20,19.90,-0.29,5.10,0.85,493.46,571.90,851.70,379.00
242,RBBD83,29.79,"1,045.00","1,045.00","1,045.00","1,045.00","1,045.00",0.00,0.00,"1,045.00",25.00,"1,030.10","26,125.00",1,14.90,0.00,1.45,0.00,0.00,"1,044.69","1,031.95","1,100.00","1,010.30"
243,RBBF40,37.32,8.91,8.96,8.91,8.96,8.96,0.00,0.00,8.93,"1,400.00",8.90,"12,507.00",6,0.06,0.05,0.67,0.56,0.29,9.28,0.00,10.36,8.73
244,RBCL,30.87,"13,900.00","13,950.00","13,900.00","13,950.00","13,950.00",0.00,0.00,"13,922.73",55.00,"13,999.00","765,750.00",5,-49.00,50.00,-0.35,0.36,0.20,"14,559.99","14,758.90","16,261.00","13,106.00"
245,RFPL,25.64,326.10,329.50,323.10,329.50,329.50,0.00,0.00,325.27,"17,224.00",329.70,"5,602,502.70",114,-0.20,6.40,-0.06,1.98,1.28,351.48,367.22,464.20,306.00
246,RHGCL,22.55,255.00,256.00,253.20,253.80,253.80,0.00,0.00,254.09,"13,784.00",259.90,"3,502,404.30",96,-6.10,2.80,-2.35,1.11,-0.12,275.07,278.97,353.00,217.20
247,RHPL,29.84,165.00,170.00,164.00,167.00,167.00,0.00,0.00,167.55,"47,647.00",167.40,"7,983,231.30",173,-0.40,6.00,-0.24,3.66,-0.33,249.92,263.08,325.00,156.00
248,RIDI,26.82,337.00,337.00,330.20,334.00,334.00,0.00,0.00,332.42,"171,916.00",335.90,"57,147,653.00",399,-1.90,6.80,-0.57,2.06,0.47,351.69,332.10,415.00,214.00
249,RLEL,32.70,725.00,730.00,710.00,718.00,718.00,0.00,0.00,715.38,"9,410.00",732.90,"6,731,728.60",165,-14.90,20.00,-2.03,2.82,0.36,922.95,0.00,"1,592.30",300.00
250,RLFL,21.18,425.00,425.00,410.50,411.00,411.00,0.00,0.00,413.74,"4,883.00",419.40,"2,020,270.00",36,-8.40,14.50,-2.00,3.53,-0.67,448.58,451.52,514.90,396.80
251,RMF1,37.39,9.01,9.10,8.90,9.09,9.09,0.00,0.00,9.00,"22,015.00",9.00,"198,187.50",20,0.09,0.20,1.00,2.25,0.96,9.71,9.67,11.02,8.71
252,RNLI,26.55,437.00,439.90,430.10,439.70,439.70,0.00,0.00,435.94,"14,823.00",437.00,"6,461,905.70",282,2.70,9.80,0.62,2.28,0.86,448.11,456.36,520.20,402.00
253,RSDC,22.03,610.00,616.00,608.00,616.00,616.00,0.00,0.00,610.84,"1,142.00",615.00,"697,582.20",24,1.00,8.00,0.16,1.32,0.84,651.29,657.39,763.00,578.70
254,RSML,21.07,"2,700.00","2,725.00","2,675.10","2,681.00","2,681.00",0.00,0.00,"2,690.69","20,725.00","2,708.00","55,764,575.30",327,-27.00,49.90,-1.00,1.87,-0.36,"3,310.74",0.00,"5,049.00",300.00
255,RSY,24.82,9.01,9.25,9.01,9.25,9.25,0.00,0.00,9.09,400.00,9.18,"3,636.00",3,0.07,0.24,0.76,2.66,1.73,10.07,10.03,10.70,8.72
256,RSY2,23.01,8.84,9.10,8.83,8.99,8.99,0.00,0.00,8.97,"11,604.00",8.84,"104,129.76",28,0.15,0.27,1.70,3.06,0.18,0.00,0.00,10.00,8.42
257,RURU,33.24,580.10,612.80,580.10,596.00,596.00,0.00,0.00,593.57,"9,186.00",597.00,"5,452,527.00",52,-1.00,32.70,-0.17,5.64,0.41,629.65,643.90,830.00,560.10
258,SABBL,28.16,820.00,845.00,805.00,810.00,810.00,0.00,0.00,817.75,"11,535.00",840.00,"9,432,722.10",222,-30.00,40.00,-3.57,4.97,-0.96,"1,084.14",0.00,"2,000.00",300.00
259,SADBL,39.76,392.20,401.00,390.60,401.00,401.00,0.00,0.00,393.60,"26,018.00",395.00,"10,240,760.20",72,6.00,10.40,1.52,2.66,1.84,411.91,414.98,463.00,376.00
260,SAEF2,36.58,9.01,9.30,9.01,9.03,9.03,0.00,0.00,9.24,"13,860.00",9.10,"128,031.20",44,-0.07,0.29,-0.77,3.22,-2.30,0.00,0.00,10.00,8.76
261,SAGAR,26.72,"1,565.00","1,580.00","1,550.10","1,553.20","1,553.20",0.00,0.00,"1,557.28","3,233.00","1,572.10","5,034,699.50",91,-18.90,29.90,-1.20,1.93,-0.26,"1,667.22","1,781.44","2,439.00",319.50
262,SAGF,35.52,9.40,9.43,9.40,9.41,9.41,0.00,0.00,9.42,"5,700.00",9.44,"53,716.77",8,-0.03,0.03,-0.32,0.32,-0.15,10.04,10.00,11.31,8.79
263,SAHAS,23.76,680.00,688.00,680.00,684.00,684.00,0.00,0.00,684.23,"55,533.00",688.00,"37,997,088.40",399,-4.00,8.00,-0.58,1.18,-0.03,660.43,633.71,725.00,535.30
264,SAIL,27.96,951.00,965.00,925.00,938.70,938.70,0.00,0.00,939.28,"17,023.00",962.00,"15,989,370.70",236,-23.30,40.00,-2.42,4.32,-0.06,"1,062.12","1,139.04","1,690.00",301.70
265,SALICO,22.02,536.00,539.00,520.00,529.70,529.70,0.00,0.00,524.43,"1,858.00",531.90,"974,399.40",33,-2.20,19.00,-0.41,3.65,0.99,588.42,595.26,695.00,512.00
266,SAND2085,27.00,"1,095.00","1,095.00","1,095.00","1,095.00","1,095.00",0.00,0.00,"1,095.00",50.00,"1,100.00","54,750.00",1,-5.00,0.00,-0.45,0.00,0.00,"1,124.77","1,105.29","1,245.00","1,090.00"
267,SANIMA,27.24,367.00,367.00,360.00,365.50,365.50,0.00,0.00,363.47,"44,404.00",366.00,"16,139,583.10",173,-0.50,7.00,-0.14,1.94,0.56,361.74,354.55,390.60,295.00
268,SANVI,29.44,522.00,529.80,503.00,510.00,510.00,0.00,0.00,507.61,"23,983.00",522.00,"12,173,971.50",199,-12.00,26.80,-2.30,5.33,0.47,639.04,700.36,"1,060.00",503.00
269,SAPDBL,34.19,598.00,602.00,580.10,585.00,585.00,0.00,0.00,590.68,"12,064.00",597.50,"7,125,942.70",108,-12.50,21.90,-2.09,3.78,-0.97,776.46,806.83,"1,065.70",556.70
270,SAPIL,22.27,"1,262.00","1,262.00","1,150.00","1,195.00","1,195.00",0.00,0.00,"1,185.21","13,518.00","1,226.00","16,021,606.50",355,-31.00,112.00,-2.53,9.74,0.82,0.00,0.00,"1,604.00",300.00
271,SARBTM,25.75,800.00,808.80,794.50,799.00,799.00,0.00,0.00,798.37,"16,158.00",805.00,"12,900,036.10",78,-6.00,14.30,-0.75,1.80,0.08,819.71,840.39,942.40,750.00
272,SBCF,44.20,9.12,9.23,8.97,9.23,9.23,0.00,0.00,9.20,"10,700.00",9.20,"98,401.00",14,0.03,0.26,0.33,2.90,0.36,9.63,9.59,11.16,8.73
273,SBD87,35.35,"1,100.00","1,100.00","1,100.00","1,100.00","1,100.00",0.00,0.00,"1,100.00",25.00,"1,093.00","27,500.00",1,7.00,0.00,0.64,0.00,0.00,"1,088.85","1,074.10","1,210.00","1,062.00"
274,SBI,24.55,403.00,403.00,397.30,401.80,401.80,0.00,0.00,399.82,"27,598.00",403.90,"11,034,351.20",91,-2.10,5.70,-0.52,1.43,0.49,400.79,404.04,441.00,368.00
275,SBIBD86,34.17,"1,127.10","1,160.00","1,127.10","1,160.00","1,160.00",0.00,0.00,"1,157.68",143.00,"1,105.00","165,548.50",3,55.00,32.90,4.98,2.92,0.20,"1,103.53","1,047.46","1,222.00","1,105.00"
276,SBID2090,34.92,"1,127.00","1,127.00","1,125.00","1,125.00","1,125.00",0.00,0.00,"1,125.36",275.00,"1,125.00","309,475.00",4,0.00,2.00,0.00,0.18,-0.03,0.00,0.00,"1,184.50","1,000.00"
277,SBID89,33.61,"1,160.10","1,160.10","1,160.10","1,160.10","1,160.10",0.00,0.00,"1,160.10",10.00,"1,145.00","11,601.00",1,15.10,0.00,1.32,0.00,0.00,"1,146.16","1,127.50","1,266.00","1,100.00"
278,SBL,23.91,408.00,409.00,396.50,398.60,398.60,0.00,0.00,399.73,"109,704.00",408.00,"43,851,482.10",442,-9.40,12.50,-2.30,3.15,-0.28,404.91,399.70,460.10,320.50
279,SBLD2091,23.22,"1,135.00","1,135.00","1,135.00","1,135.00","1,135.00",0.00,0.00,"1,135.00",250.00,"1,170.00","283,750.00",2,-35.00,0.00,-2.99,0.00,0.00,"1,082.65",0.00,"1,206.00",825.35
280,SCB,30.95,664.00,664.00,656.00,659.00,659.00,0.00,0.00,659.40,"17,323.00",663.00,"11,422,765.50",89,-4.00,8.00,-0.60,1.22,-0.06,650.38,649.16,712.60,603.00
281,SCBD,39.53,"1,107.00","1,137.90","1,107.00","1,136.90","1,136.90",0.00,0.00,"1,134.68",377.00,"1,075.10","427,775.80",9,61.80,30.90,5.75,2.79,0.19,"1,142.29","1,130.48","1,236.00","1,057.00"
282,SDBD87,25.52,"1,115.00","1,115.00","1,115.00","1,115.00","1,115.00",0.00,0.00,"1,115.00",25.00,"1,148.00","27,875.00",1,-33.00,0.00,-2.87,0.00,0.00,"1,122.58","1,104.70","1,241.00","1,090.50"
283,SEF,24.73,9.32,9.60,9.32,9.51,9.51,0.00,0.00,9.57,"51,705.00",9.60,"494,631.83",15,-0.09,0.28,-0.94,3.00,-0.59,9.91,9.86,11.53,8.60
284,SEF2,46.32,9.00,9.37,9.00,9.30,9.30,0.00,0.00,9.18,"25,144.00",9.10,"230,732.76",60,0.20,0.37,2.20,4.11,1.33,0.00,0.00,10.00,8.50
285,SFMF,30.50,9.08,9.08,9.08,9.08,9.08,0.00,0.00,9.08,"1,000.00",9.25,"9,080.00",1,-0.17,0.00,-1.84,0.00,0.00,10.22,10.19,11.01,8.96
286,SGHC,24.07,285.00,292.60,285.00,289.00,289.00,0.00,0.00,288.84,"18,660.00",290.20,"5,389,717.60",90,-1.20,7.60,-0.41,2.67,0.06,338.05,361.37,487.60,280.00
287,SGHL,26.44,468.00,468.00,450.00,459.00,459.00,0.00,0.00,458.05,"51,183.00",468.00,"23,444,566.20","1,225",-9.00,18.00,-1.92,4.00,0.21,0.00,0.00,587.00,299.30
288,SGIC,24.09,377.00,385.00,377.00,380.50,380.50,0.00,0.00,379.01,"8,066.00",382.00,"3,057,059.70",82,-1.50,8.00,-0.39,2.12,0.39,454.08,465.44,538.50,366.60
289,SHEL,24.11,300.10,300.10,295.20,297.00,297.00,0.00,0.00,296.63,"50,950.00",301.00,"15,113,299.70",174,-4.00,4.90,-1.33,1.66,0.12,306.74,305.74,361.00,262.00
290,SHINE,26.70,393.00,398.00,392.00,398.00,398.00,0.00,0.00,394.12,"58,407.00",393.90,"23,019,256.10",145,4.10,6.00,1.04,1.53,0.98,410.72,411.24,449.70,384.00
291,SHINED,26.76,"1,128.00","1,128.00","1,128.00","1,128.00","1,128.00",0.00,0.00,"1,128.00",50.00,"1,145.00","56,400.00",1,-17.00,0.00,-1.48,0.00,0.00,"1,123.84",0.00,"1,200.00","1,000.00"
292,SHIVM,22.47,680.00,680.00,670.00,672.00,672.00,0.00,0.00,673.07,"125,384.00",681.00,"84,392,261.80",523,-9.00,10.00,-1.32,1.49,-0.16,658.41,651.46,737.10,546.60
293,SHL,25.45,508.00,510.00,500.00,506.00,506.00,0.00,0.00,507.22,"31,920.00",509.00,"16,190,409.20",86,-3.00,10.00,-0.59,2.00,-0.24,501.63,501.45,559.80,464.00
294,SHLB,17.34,"1,235.00","1,240.00","1,235.00","1,240.00","1,240.00",0.00,0.00,"1,237.86",70.00,"1,260.00","86,650.00",6,-20.00,5.00,-1.59,0.40,0.17,"1,438.90","1,500.33","1,961.00","1,215.30"
295,SHPC,24.47,525.00,530.00,522.10,525.00,525.00,0.00,0.00,523.89,"65,551.00",529.00,"34,341,727.90",138,-4.00,7.90,-0.76,1.51,0.21,511.80,522.21,588.00,475.00
296,SICL,29.16,538.00,539.00,534.00,536.00,536.00,0.00,0.00,535.15,"20,486.00",538.00,"10,963,047.00",78,-2.00,5.00,-0.37,0.94,0.16,606.97,617.91,690.00,508.00
297,SIFC,21.57,471.00,471.00,467.00,470.00,470.00,0.00,0.00,468.03,"1,741.00",475.00,"814,838.80",19,-5.00,4.00,-1.05,0.86,0.42,523.50,542.18,687.40,450.00
298,SIGS2,25.57,9.51,9.54,9.35,9.35,9.35,0.00,0.00,9.51,"6,620.00",9.51,"62,926.30",10,-0.16,0.19,-1.68,2.03,-1.66,10.27,10.05,11.50,8.91
299,SIGS3,25.41,10.16,10.33,10.16,10.33,10.33,0.00,0.00,10.26,310.00,10.21,"3,182.00",3,0.12,0.17,1.18,1.67,0.63,10.65,10.51,11.58,8.52
300,SIKLES,21.40,562.00,563.00,558.00,560.00,560.00,0.00,0.00,559.01,"3,066.00",562.00,"1,713,926.50",52,-2.00,5.00,-0.36,0.90,0.18,576.20,590.75,720.00,536.30
301,SINDU,35.23,433.00,442.70,415.00,422.00,422.00,0.00,0.00,426.10,"17,999.00",448.00,"7,669,384.00",220,-26.00,27.70,-5.80,6.67,-0.97,667.07,703.64,919.90,329.80
302,SIPD,26.90,548.00,548.00,523.40,542.00,542.00,0.00,0.00,531.40,"13,964.00",548.90,"7,420,462.20",313,-6.90,24.60,-1.26,4.70,1.96,0.00,0.00,"1,216.80",284.30
303,SJCL,18.61,235.10,240.00,234.00,236.00,236.00,0.00,0.00,236.50,"2,715.00",238.60,"642,100.30",58,-2.60,6.00,-1.09,2.56,-0.21,278.52,287.76,365.00,214.20
304,SJLIC,28.09,407.10,415.00,407.10,411.50,411.50,0.00,0.00,411.35,"20,463.00",415.90,"8,417,483.70",149,-4.40,7.90,-1.06,1.94,0.04,422.22,431.36,489.90,386.00
305,SKBBL,24.02,755.00,765.00,752.00,755.00,755.00,0.00,0.00,754.03,"5,297.00",760.20,"3,994,100.30",80,-5.20,13.00,-0.68,1.73,0.13,759.67,766.11,910.00,735.00
306,SKHEL,24.04,786.00,809.00,737.10,760.00,760.00,0.00,0.00,757.95,"6,573.00",786.10,"4,982,020.40",81,-26.10,71.90,-3.32,9.75,0.27,"1,056.95",0.00,"2,069.40",284.30
307,SKHL,26.22,711.00,711.00,682.20,690.00,690.00,0.00,0.00,694.42,"11,992.00",716.00,"8,327,479.70",202,-26.00,28.80,-3.63,4.22,-0.64,897.83,0.00,"1,360.00",300.00
308,SLBBL,36.85,812.20,820.00,812.00,820.00,820.00,0.00,0.00,817.46,"7,082.00",821.90,"5,789,259.60",50,-1.90,8.00,-0.23,0.99,0.31,811.57,822.12,960.60,761.90
309,SLBSL,24.75,850.00,860.00,850.00,860.00,860.00,0.00,0.00,852.47,660.00,871.00,"562,628.20",18,-11.00,10.00,-1.26,1.18,0.88,"1,103.84","1,182.71","1,508.10",840.00
310,SLCF,41.03,8.91,9.11,8.91,9.11,9.11,0.00,0.00,8.99,850.00,9.12,"7,639.00",6,-0.01,0.20,-0.11,2.24,1.35,9.77,9.73,10.70,8.80
311,SMATA,22.39,669.20,682.00,669.20,673.90,673.90,0.00,0.00,675.88,619.00,679.90,"418,368.70",30,-6.00,12.80,-0.88,1.91,-0.29,742.83,763.13,955.00,665.10
312,SMB,23.42,"1,775.00","1,825.00","1,775.00","1,809.90","1,809.90",0.00,0.00,"1,799.01",152.00,"1,825.00","273,449.00",10,-15.10,50.00,-0.83,2.82,0.60,"1,801.24","1,829.32","2,310.30","1,699.00"
313,SMFBS,19.78,"1,350.00","1,350.00","1,315.10","1,350.00","1,350.00",0.00,0.00,"1,334.02",55.00,"1,343.00","73,371.00",5,7.00,34.90,0.52,2.65,1.18,"1,525.53","1,577.42","1,808.00","1,285.00"
314,SMH,32.62,513.30,517.00,511.00,511.00,511.00,0.00,0.00,514.26,"6,982.00",513.00,"3,590,545.30",76,-2.00,6.00,-0.39,1.17,-0.64,542.24,595.10,"1,024.80",482.60
315,SMHL,35.41,478.00,480.00,473.00,473.00,473.00,0.00,0.00,475.49,"16,890.00",477.70,"8,030,999.00",154,-4.70,7.00,-0.98,1.48,-0.53,492.27,500.55,897.00,443.00
316,SMJC,25.95,400.00,403.00,393.00,398.00,398.00,0.00,0.00,395.90,"12,988.00",404.50,"5,142,012.00",114,-6.50,10.00,-1.61,2.54,0.53,447.37,462.02,563.00,393.00
317,SMPDA,24.04,722.00,722.00,716.10,716.10,716.10,0.00,0.00,717.93,719.00,722.00,"516,192.90",26,-5.90,5.90,-0.82,0.82,-0.26,794.29,824.49,"1,064.00",707.00
318,SNLI,24.48,410.00,410.00,399.20,402.00,402.00,0.00,0.00,402.28,"13,753.00",410.00,"5,532,519.70",246,-8.00,10.80,-1.95,2.71,-0.07,431.56,445.17,528.30,375.00
319,SNORL,24.40,803.20,829.90,803.20,812.50,812.50,0.00,0.00,815.53,"19,560.00",818.00,"15,951,675.80",296,-5.50,26.70,-0.67,3.32,-0.37,0.00,0.00,"1,057.00",298.70
320,SOHL,25.01,615.09,619.00,607.40,616.00,616.00,0.00,0.00,611.31,"104,585.00",620.00,"63,933,626.80",976,-4.00,11.60,-0.65,1.91,0.76,662.24,0.00,875.50,300.00
321,SONA,26.20,415.00,420.00,410.00,410.90,410.90,0.00,0.00,413.95,"95,355.00",418.90,"39,472,519.00",481,-8.00,10.00,-1.91,2.44,-0.74,424.00,429.85,510.00,380.00
322,SOPL,28.25,650.00,650.10,630.00,633.00,633.00,0.00,0.00,637.91,"38,322.00",653.60,"24,445,991.10",776,-20.60,20.10,-3.15,3.19,-0.78,0.00,0.00,"1,217.00",276.50
323,SPC,25.66,377.10,383.00,377.10,378.30,378.30,0.00,0.00,379.10,"4,105.00",380.10,"1,556,206.10",39,-1.80,5.90,-0.47,1.56,-0.21,434.32,461.69,577.00,361.70
324,SPDL,25.84,342.00,345.00,338.00,343.90,343.90,0.00,0.00,340.77,"28,366.00",345.10,"9,666,306.60",132,-1.20,7.00,-0.35,2.07,0.91,381.13,391.24,474.00,326.00
325,SPHL,41.00,505.00,528.00,501.10,508.80,508.80,0.00,0.00,507.73,"4,918.00",513.00,"2,497,012.50",54,-4.20,26.90,-0.82,5.37,0.21,541.64,549.05,708.00,474.00
326,SPIL,21.90,610.00,610.00,594.00,602.50,602.50,0.00,0.00,605.43,"1,782.00",610.20,"1,078,876.20",28,-7.70,16.00,-1.26,2.69,-0.49,688.49,698.83,770.70,560.10
327,SPL,33.20,574.00,584.00,568.00,583.00,583.00,0.00,0.00,573.27,"2,206.00",580.00,"1,264,632.50",38,3.00,16.00,0.52,2.82,1.67,672.43,714.19,984.60,568.00
328,SRLI,27.12,360.10,370.90,360.10,364.40,364.40,0.00,0.00,366.91,"35,657.00",366.30,"13,082,832.80",154,-1.90,10.80,-0.52,3.00,-0.69,382.01,387.71,437.70,348.00
329,SRLIP,17.14,196.00,196.00,196.00,196.00,196.00,0.00,0.00,196.00,"7,279.00",196.00,"1,426,684.00",1,0.00,0.00,0.00,0.00,0.00,0.00,0.00,215.00,196.00
330,SSHL,25.42,216.40,216.40,203.00,204.50,204.50,0.00,0.00,204.06,"90,273.00",206.10,"18,421,546.90",310,-1.60,13.40,-0.78,6.60,0.21,208.06,203.88,251.00,151.00
331,STC,23.71,"5,415.00","5,550.00","5,415.00","5,470.00","5,470.00",0.00,0.00,"5,496.77","1,216.00","5,550.00","6,684,070.00",28,-80.00,135.00,-1.44,2.49,-0.49,"5,447.14","5,542.90","6,335.90","4,997.10"
332,SWASTIK,29.31,"1,777.00","1,777.00","1,695.00","1,696.00","1,696.00",0.00,0.00,"1,712.84","1,011.00","1,777.00","1,731,679.00",51,-81.00,82.00,-4.56,4.84,-0.99,"2,169.76","2,407.44","3,400.00",391.70
333,SWBBL,23.69,694.90,698.00,688.00,688.00,688.00,0.00,0.00,691.89,"4,080.00",695.00,"2,822,897.20",33,-7.00,10.00,-1.01,1.45,-0.56,707.19,721.59,848.00,630.50
334,SWMF,25.69,599.90,599.90,590.00,594.90,594.90,0.00,0.00,591.64,"2,869.00",599.90,"1,697,412.70",41,-5.00,9.90,-0.83,1.68,0.55,635.38,651.90,754.00,571.10
335,SYPNL,29.65,"1,300.00","1,359.90","1,300.00","1,334.10","1,334.10",0.00,0.00,"1,347.57","42,376.00","1,341.00","57,104,558.20",571,-6.90,59.90,-0.51,4.61,-1.01,"1,412.08","1,528.65","2,255.90",319.80
336,TAMOR,23.67,528.00,528.90,522.00,528.00,528.00,0.00,0.00,525.48,"92,736.00",530.00,"48,730,575.60",307,-2.00,6.90,-0.38,1.32,0.48,462.93,456.27,558.00,396.40
337,TPC,23.89,355.00,356.00,353.00,355.00,355.00,0.00,0.00,354.90,"10,223.00",359.00,"3,628,104.50",46,-4.00,3.00,-1.11,0.85,0.03,364.45,373.08,450.00,270.10
338,TPKHL,33.15,485.00,495.00,470.00,475.00,475.00,0.00,0.00,476.02,"17,982.00",490.00,"8,559,706.60",512,-15.00,25.00,-3.06,5.32,-0.21,0.00,0.00,772.50,300.00
339,TRH,19.39,797.10,805.00,797.00,805.00,805.00,0.00,0.00,803.30,"1,373.00",810.00,"1,102,930.80",10,-5.00,8.00,-0.62,1.00,0.21,778.04,769.43,853.90,681.10
340,TSHL,25.08,335.10,340.00,332.00,334.00,334.00,0.00,0.00,335.62,"3,950.00",340.00,"1,325,707.00",39,-6.00,8.00,-1.76,2.41,-0.49,468.61,567.58,900.00,308.10
341,TTL,26.85,670.00,672.00,660.00,660.10,660.10,0.00,0.00,664.29,"8,253.00",673.00,"5,482,363.90",218,-12.90,12.00,-1.92,1.82,-0.63,757.50,807.54,"1,173.00",660.00
342,TVCL,24.17,283.00,283.00,274.00,274.00,274.00,0.00,0.00,276.13,"4,748.00",291.00,"1,311,068.00",44,-17.00,9.00,-5.84,3.28,-0.78,466.08,493.95,689.00,268.10
343,UAIL,21.37,360.00,362.00,358.00,359.90,359.90,0.00,0.00,359.57,"4,571.00",362.00,"1,643,580.10",106,-2.10,4.00,-0.58,1.12,0.09,435.31,445.54,519.10,354.10
344,UHEWA,23.00,582.00,582.00,576.20,577.00,577.00,0.00,0.00,579.12,"10,620.00",582.00,"6,150,225.90",61,-5.00,5.80,-0.86,1.01,-0.37,592.78,587.16,692.60,521.00
345,ULBSL,30.29,"2,475.00","2,529.00","2,470.00","2,520.00","2,520.00",0.00,0.00,"2,491.80",202.00,"2,535.00","503,344.60",13,-15.00,59.00,-0.59,2.39,1.12,"2,832.65","2,984.70","4,325.00","2,310.00"
346,ULHC,22.44,336.50,344.00,320.00,325.20,325.20,0.00,0.00,328.61,"6,855.00",345.00,"2,252,633.60",86,-19.80,24.00,-5.74,7.50,-1.05,411.73,445.19,599.00,260.00
347,UMHL,27.02,550.00,550.00,540.00,547.90,547.90,0.00,0.00,542.67,"38,269.00",550.00,"20,767,561.90",127,-2.10,10.00,-0.38,1.85,0.95,579.27,591.83,706.00,495.00
348,UMRH,33.14,510.00,510.00,505.30,507.00,507.00,0.00,0.00,507.72,"2,602.00",509.00,"1,321,079.30",45,-2.00,4.70,-0.39,0.93,-0.14,530.83,541.19,622.00,500.70
349,UNHPL,21.98,356.50,356.50,351.00,355.00,355.00,0.00,0.00,352.68,"7,808.00",356.90,"2,753,725.90",50,-1.90,5.50,-0.53,1.57,0.65,410.40,439.02,571.00,340.10
350,UNL,35.89,"48,600.00","49,000.00","48,600.00","49,000.00","49,000.00",0.00,0.00,"48,733.33",30.00,"48,600.00","1,462,000.00",2,400.00,400.00,0.82,0.82,0.54,"47,043.80","47,036.28","49,200.00","45,200.00"
351,UNLB,21.24,"1,223.00","1,234.90","1,204.00","1,234.90","1,234.90",0.00,0.00,"1,209.37",135.00,"1,223.00","163,265.00",10,11.90,30.90,0.97,2.57,2.07,"1,339.63","1,513.49","2,228.00","1,187.00"
352,UPCL,33.75,326.00,335.00,326.00,330.00,330.00,0.00,0.00,327.43,"30,586.00",332.00,"10,014,658.50",132,-2.00,9.00,-0.60,2.76,0.78,357.97,366.10,430.40,318.40
353,UPPER,23.85,189.00,190.50,187.60,187.90,187.90,0.00,0.00,188.18,"66,366.00",189.90,"12,488,829.50",334,-2.00,2.90,-1.05,1.55,-0.15,198.06,197.32,242.60,170.50
354,USHEC,21.29,485.10,498.00,485.10,492.00,492.00,0.00,0.00,495.28,"2,282.00",497.00,"1,130,230.50",44,-5.00,12.90,-1.01,2.66,-0.67,497.02,492.17,539.10,432.00
355,USHL,22.01,510.10,513.90,505.70,513.90,513.90,0.00,0.00,508.36,770.00,520.00,"391,438.70",27,-6.10,8.20,-1.17,1.62,1.08,573.71,638.40,945.00,468.10
356,USLB,27.78,"1,103.00","1,136.00","1,057.30","1,094.60","1,094.60",0.00,0.00,"1,081.29","3,345.00","1,130.00","3,616,923.70",67,-35.40,78.70,-3.13,7.44,1.22,"1,196.46","1,287.83","2,412.00",941.00
357,VLBS,31.09,605.00,611.30,600.00,607.00,607.00,0.00,0.00,604.16,"3,108.00",610.00,"1,877,730.20",77,-3.00,11.30,-0.49,1.88,0.47,681.96,712.15,876.00,591.70
358,VLUCL,23.51,372.10,378.00,369.20,374.00,374.00,0.00,0.00,371.33,"2,590.00",378.90,"961,745.20",59,-4.90,8.80,-1.29,2.38,0.71,450.56,490.49,652.00,363.10
359,YMHL,24.52,515.00,515.00,486.20,497.00,497.00,0.00,0.00,496.04,"18,149.00",514.00,"9,002,715.30",458,-17.00,28.80,-3.31,5.92,0.19,0.00,0.00,797.60,300.00
