S.No,Symbol,Conf.,Open,High,Low,Close,LTP,Close - LTP,Close - LTP %,VWAP,Vol,Prev. Close,Turnover,Trans.,Diff,Range,Diff %,Range %,VWAP %,120 Days,180 Days,52 Weeks High,52 Weeks Low
1,ACLBSL,-,908.00,937.00,908.00,931.00,931.00,0.00,0.00,922.12,639.00,920.00,"589,233.10",27,11.00,29.00,1.20,3.19,0.95,"1,033.79","1,041.34","1,284.90",900.00
2,ADBL,-,294.80,295.00,292.10,293.00,293.00,0.00,0.00,294.01,"17,448.00",292.00,"5,129,810.80",136,1.00,2.90,0.34,0.99,-0.34,312.38,304.00,344.90,272.30
3,ADBLD83,-,"1,092.10","1,092.10","1,092.10","1,092.00","1,092.00",0.00,0.00,"1,092.06",25.00,"1,107.00","27,301.60",2,-15.00,0.00,-1.36,0.00,-0.01,"1,100.64","1,102.27","1,160.00","1,046.00"
4,AHL,-,540.00,561.00,532.00,560.00,560.00,0.00,0.00,549.96,"14,572.00",533.30,"8,013,960.10",187,26.70,29.00,5.01,5.45,1.79,619.47,643.13,891.00,532.00
5,AHPC,-,260.90,261.60,258.00,260.50,260.50,0.00,0.00,260.33,"63,265.00",259.00,"16,469,471.60",311,1.50,3.60,0.58,1.40,0.07,286.71,284.02,334.00,242.00
6,AKJCL,-,190.10,193.50,190.00,192.60,192.60,0.00,0.00,192.31,"89,437.00",190.80,"17,199,884.30",228,1.80,3.50,0.94,1.84,0.15,198.51,201.32,233.50,172.90
7,AKPL,-,243.00,247.00,242.00,244.90,244.90,0.00,0.00,244.93,"87,311.00",242.50,"21,385,496.90",228,2.40,5.00,0.99,2.07,-0.01,254.49,251.60,306.50,216.10
8,ALBSL,-,"1,197.60","1,231.90","1,197.60","1,224.00","1,224.00",0.00,0.00,"1,219.43","21,836.00","1,222.00","26,627,505.90",229,2.00,34.30,0.16,2.86,0.37,997.48,938.01,"1,237.90",771.00
9,ALICL,-,461.90,467.00,460.40,466.00,466.00,0.00,0.00,463.70,"26,018.00",461.90,"12,064,440.60",178,4.10,6.60,0.89,1.43,0.49,482.65,549.48,831.00,430.00
10,ANLB,-,"6,025.00","6,085.00","6,000.00","6,083.90","6,083.90",0.00,0.00,"6,013.17",238.00,"6,082.00","1,431,135.30",21,1.90,85.00,0.03,1.42,1.16,"5,970.37","5,749.88","6,800.00","4,673.00"
11,API,-,283.00,285.00,281.20,284.00,284.00,0.00,0.00,283.89,"79,148.00",281.20,"22,469,560.00",293,2.80,3.80,1.00,1.35,0.04,290.54,290.19,335.00,256.30
12,AVYAN,-,917.10,941.00,917.10,941.00,941.00,0.00,0.00,928.23,"3,154.00",928.80,"2,927,646.30",66,12.20,23.90,1.31,2.61,1.36,"1,016.45","1,021.55","1,306.80",906.00
13,BANDIPUR,-,820.00,898.70,820.00,898.70,898.70,0.00,0.00,860.64,"242,983.00",817.00,"209,121,356.90","4,441",81.70,78.70,10.00,9.60,4.23,0.00,0.00,898.70,285.00
14,BARUN,-,313.00,318.00,313.00,318.00,318.00,0.00,0.00,316.41,"69,500.00",313.70,"21,990,557.30",312,4.30,5.00,1.37,1.60,0.50,355.68,403.43,589.00,292.10
15,BBC,-,"4,766.00","4,860.00","4,766.00","4,848.00","4,848.00",0.00,0.00,"4,812.54",332.00,"4,839.00","1,597,763.10",26,9.00,94.00,0.19,1.97,0.73,"5,145.27","5,340.92","6,661.60","4,480.00"
16,BEDC,-,539.00,547.00,530.00,532.00,532.00,0.00,0.00,537.90,"24,030.00",532.00,"12,925,654.80",206,0.00,17.00,0.00,3.21,-1.11,641.72,678.28,"1,080.00",501.00
17,BFC,-,459.80,459.80,451.60,457.00,457.00,0.00,0.00,455.04,"24,278.00",452.00,"11,047,396.20",123,5.00,8.20,1.11,1.82,0.43,482.28,493.27,745.80,411.50
18,BGWT,-,763.00,775.00,760.00,775.00,775.00,0.00,0.00,765.14,"4,934.00",760.00,"3,775,216.70",51,15.00,15.00,1.97,1.97,1.27,857.55,896.20,"1,241.00",750.00
19,BHCL,-,520.00,547.70,516.10,546.00,546.00,0.00,0.00,535.22,"196,474.00",515.00,"105,157,283.40","2,222",31.00,31.60,6.02,6.12,1.97,0.00,0.00,625.70,292.10
20,BHDC,-,470.00,479.20,470.00,477.90,477.90,0.00,0.00,474.37,"67,331.00",472.00,"31,940,021.60",314,5.90,9.20,1.25,1.96,0.74,530.70,528.04,760.20,426.00
21,BHL,-,177.90,178.20,175.50,177.50,177.50,0.00,0.00,176.74,"58,747.00",177.00,"10,382,858.00",320,0.50,2.70,0.28,1.54,0.43,193.63,211.36,405.00,164.00
22,BHPL,-,518.10,570.70,518.10,570.70,570.70,0.00,0.00,552.46,"171,894.00",518.90,"94,964,125.00","1,036",51.80,52.60,9.98,10.15,3.20,706.50,797.74,"1,308.40",503.10
23,BNHC,-,442.10,470.00,442.10,465.00,465.00,0.00,0.00,456.91,"26,135.00",443.00,"11,941,244.50",211,22.00,27.90,4.97,6.31,1.74,478.03,488.76,608.00,393.00
24,BNL,-,"16,000.00","16,000.00","16,000.00","16,000.00","16,000.00",0.00,0.00,"16,000.00",10.00,"16,250.00","160,000.00",1,-250.00,0.00,-1.54,0.00,0.00,"16,895.27","16,923.91","22,500.00","14,900.00"
25,BNT,-,"12,037.00","12,037.00","12,037.00","12,037.00","12,037.00",0.00,0.00,"12,037.00",20.00,"11,801.00","240,740.00",2,236.00,0.00,2.00,0.00,0.00,"11,930.57","12,229.97","14,680.00","10,660.00"
26,BOKD86,-,"1,117.00","1,117.00","1,117.00","1,117.00","1,117.00",0.00,0.00,"1,117.00",50.00,"1,139.30","55,850.00",2,-22.30,0.00,-1.96,0.00,0.00,"1,061.13","1,045.07","1,139.30","1,005.50"
27,BPCL,-,730.00,745.00,726.80,745.00,745.00,0.00,0.00,738.22,"88,085.00",729.70,"65,026,150.70",320,15.30,18.20,2.10,2.50,0.91,791.76,693.99,"1,065.00",379.20
28,BUNGAL,-,645.00,695.00,640.20,694.00,694.00,0.00,0.00,668.72,"103,420.00",640.00,"69,159,198.20","1,442",54.00,54.80,8.44,8.56,3.64,0.00,0.00,695.00,302.40
29,C30MF,-,9.35,9.73,9.35,9.73,9.73,0.00,0.00,9.63,"18,400.00",9.54,"177,213.00",9,0.19,0.38,1.99,4.06,1.02,9.56,9.49,10.71,8.65
30,CBBL,-,916.00,919.00,900.00,910.90,910.90,0.00,0.00,909.43,"24,298.00",916.00,"22,097,340.10",289,-5.10,19.00,-0.56,2.11,0.16,"1,009.50",959.48,"1,144.80",821.50
31,CBLD88,-,"1,220.00","1,223.00","1,220.00","1,223.00","1,223.00",0.00,0.00,"1,221.50",50.00,"1,240.00","61,075.00",2,-17.00,3.00,-1.37,0.25,0.12,"1,173.32","1,162.79","1,265.00","1,104.50"
32,CFCL,-,475.00,475.00,470.00,475.00,475.00,0.00,0.00,473.08,"5,931.00",471.30,"2,805,824.80",56,3.70,5.00,0.79,1.06,0.40,502.43,518.55,701.00,445.10
33,CGH,-,850.00,869.20,850.00,860.00,860.00,0.00,0.00,862.76,"13,193.00",855.00,"11,382,355.30",127,5.00,19.20,0.58,2.26,-0.32,937.16,919.29,"1,150.00",800.20
34,CHCL,-,473.90,473.90,468.00,470.20,470.20,0.00,0.00,469.98,"23,284.00",470.50,"10,942,964.80",168,-0.30,5.90,-0.06,1.26,0.05,509.49,505.96,599.60,456.00
35,CHDC,-,"2,250.00","2,265.00","2,223.30","2,246.50","2,246.50",0.00,0.00,"2,246.61","21,715.00","2,230.00","48,785,107.50",205,16.50,41.70,0.74,1.88,0.00,"2,455.69","2,472.70","2,997.90","1,560.00"
36,CHL,-,253.00,259.20,252.20,257.00,257.00,0.00,0.00,256.09,"27,681.00",254.20,"7,088,929.70",164,2.80,7.00,1.10,2.78,0.35,280.72,325.34,599.70,223.40
37,CIT,-,"1,781.00","1,809.00","1,770.50","1,770.50","1,770.50",0.00,0.00,"1,780.70","14,342.00","1,753.14","25,538,864.40",459,17.36,38.50,0.99,2.17,-0.58,"1,895.92","1,909.07","2,200.00","1,730.80"
38,CITY,-,468.00,475.80,465.50,472.30,472.30,0.00,0.00,472.49,"13,451.00",468.80,"6,355,496.00",142,3.50,10.30,0.75,2.21,-0.04,648.94,715.80,998.40,464.00
39,CKHL,-,645.90,671.00,645.90,663.90,663.90,0.00,0.00,659.09,"4,900.00",659.00,"3,229,560.30",90,4.90,25.10,0.74,3.89,0.72,643.10,656.21,910.00,550.00
40,CLI,-,464.80,468.00,461.40,467.00,467.00,0.00,0.00,464.93,"32,647.00",464.80,"15,178,535.70",441,2.20,6.60,0.47,1.43,0.44,475.37,479.34,774.90,411.00
41,CMF2,-,9.38,9.43,9.31,9.32,9.32,0.00,0.00,9.35,"1,425.00",9.25,"13,323.00",6,0.07,0.12,0.76,1.29,-0.32,9.51,9.49,10.86,8.64
42,CORBL,-,"1,565.10","1,599.90","1,565.10","1,590.00","1,590.00",0.00,0.00,"1,583.58","3,421.00","1,587.00","5,417,417.70",76,3.00,34.80,0.19,2.22,0.40,"1,916.32","2,003.08","2,842.30","1,431.00"
43,CREST,-,"1,220.00","1,275.00","1,215.00","1,274.00","1,274.00",0.00,0.00,"1,257.98","36,693.00","1,225.00","46,159,073.90",689,49.00,60.00,4.00,4.94,1.26,"1,273.23",0.00,"2,458.20",302.50
44,CYCL,-,"1,550.00","1,569.00","1,519.00","1,540.00","1,540.00",0.00,0.00,"1,530.52","6,210.00","1,570.00","9,504,547.40",116,-30.00,50.00,-1.91,3.29,0.62,"1,642.06","1,636.28","2,040.00","1,462.00"
45,CZBIL,-,192.60,200.00,192.60,200.00,200.00,0.00,0.00,197.46,"68,934.00",196.50,"13,611,433.60",188,3.50,7.40,1.78,3.84,1.27,205.98,206.56,240.10,183.00
46,DDBL,-,797.40,802.90,797.20,802.90,802.90,0.00,0.00,798.38,"6,216.00",797.40,"4,962,714.60",71,5.50,5.70,0.69,0.72,0.56,865.43,839.62,"1,010.00",759.00
47,DHEL,-,620.00,666.00,605.00,666.00,666.00,0.00,0.00,635.35,"194,735.00",608.00,"123,725,328.70","2,493",58.00,61.00,9.54,10.08,4.60,0.00,0.00,666.00,402.20
48,DHPL,-,283.70,299.50,283.70,290.10,290.10,0.00,0.00,291.04,"11,788.00",289.00,"3,430,815.00",64,1.10,15.80,0.38,5.57,-0.33,307.42,325.42,427.20,265.00
49,DLBS,-,"1,290.00","1,339.80","1,290.00","1,339.80","1,339.80",0.00,0.00,"1,310.73",487.00,"1,315.00","638,325.20",32,24.80,49.80,1.89,3.86,2.17,"1,421.16","1,446.00","2,250.00","1,240.00"
50,DOLTI,-,500.00,517.80,500.00,513.30,513.30,0.00,0.00,509.39,"7,932.00",508.00,"4,040,484.20",116,5.30,17.80,1.04,3.56,0.76,547.67,571.08,"1,017.00",470.60
51,DORDI,-,253.80,255.30,250.00,255.00,255.00,0.00,0.00,253.98,"49,131.00",251.50,"12,478,473.80",253,3.50,5.30,1.39,2.12,0.40,275.60,311.46,696.00,213.10
52,EBL,-,649.00,660.00,645.00,654.00,654.00,0.00,0.00,650.55,"28,075.00",650.00,"18,264,142.40",204,4.00,15.00,0.62,2.33,0.53,677.93,659.91,780.60,570.00
53,EBLD91,-,"1,110.00","1,120.00","1,110.00","1,111.00","1,111.00",0.00,0.00,"1,113.67",75.00,"1,104.00","83,525.00",3,7.00,10.00,0.63,0.90,-0.24,"1,051.78",0.00,"1,142.40",994.40
54,EBLEB89,-,"1,083.00","1,083.00","1,083.00","1,083.00","1,083.00",0.00,0.00,"1,083.00",25.00,"1,097.10","27,075.00",1,-14.10,0.00,-1.29,0.00,0.00,0.00,0.00,"1,117.90",996.10
55,EDBL,-,571.20,595.00,571.00,590.00,590.00,0.00,0.00,584.75,"10,357.00",573.00,"6,056,249.00",53,17.00,24.00,2.97,4.20,0.89,605.47,605.70,838.20,545.00
56,EHPL,-,398.80,417.00,391.00,414.00,414.00,0.00,0.00,405.82,"63,398.00",391.00,"25,728,289.60",404,23.00,26.00,5.88,6.65,1.98,512.54,553.50,937.00,385.00
57,ENL,-,887.00,918.00,887.00,905.00,905.00,0.00,0.00,905.84,"2,473.00",905.00,"2,240,139.50",37,0.00,31.00,0.00,3.49,-0.09,993.83,"1,044.57","1,452.00",866.00
58,FMDBL,-,765.20,785.00,765.20,780.00,780.00,0.00,0.00,777.89,"28,469.00",763.40,"22,145,728.30",155,16.60,19.80,2.17,2.59,0.27,833.93,807.06,"1,038.80",712.00
59,FOWAD,-,"1,077.00","1,085.00","1,071.20","1,084.00","1,084.00",0.00,0.00,"1,076.40","1,981.00","1,080.00","2,132,350.70",46,4.00,13.80,0.37,1.29,0.70,"1,131.86","1,132.18","1,350.00","1,043.80"
60,FOWADP,-,660.00,660.00,660.00,660.00,660.00,0.00,0.00,389.17,"6,000.00",660.00,"2,335,000.00",2,0.00,0.00,0.00,0.00,41.04,0.00,0.00,660.00,660.00
61,GBBD85,-,"1,110.00","1,110.00","1,110.00","1,110.00","1,110.00",0.00,0.00,"1,110.00",25.00,"1,102.00","27,750.00",1,8.00,0.00,0.73,0.00,0.00,"1,074.37","1,064.13","1,135.00","1,010.00"
62,GBBL,-,376.70,386.00,376.70,386.00,386.00,0.00,0.00,383.07,"21,370.00",379.00,"8,186,231.50",85,7.00,9.30,1.85,2.47,0.76,408.10,403.88,498.00,367.40
63,GBILD84/85,-,"1,195.00","1,200.00","1,195.00","1,200.00","1,200.00",0.00,0.00,"1,196.67","1,500.00","1,195.00","1,795,000.00",4,5.00,5.00,0.42,0.42,0.28,"1,170.40","1,163.22","1,220.00","1,104.00"
64,GBIME,-,226.10,230.00,224.90,230.00,230.00,0.00,0.00,225.96,"141,991.00",226.10,"32,084,463.80",446,3.90,5.10,1.72,2.27,1.76,240.51,235.09,278.90,210.70
65,GBIMESY2,-,8.80,9.00,8.80,8.90,8.90,0.00,0.00,8.92,"2,200.00",8.97,"19,618.00",12,-0.07,0.20,-0.78,2.27,-0.19,0.00,0.00,10.18,8.50
66,GBLBS,-,765.50,788.00,765.50,785.00,785.00,0.00,0.00,779.19,"5,380.00",775.00,"4,192,026.80",116,10.00,22.50,1.29,2.94,0.74,805.26,819.05,987.00,698.00
67,GCIL,-,406.00,439.00,406.00,435.90,435.90,0.00,0.00,429.83,"86,876.00",410.00,"37,342,115.00",694,25.90,33.00,6.32,8.13,1.39,469.04,485.20,613.00,400.00
68,GFCL,-,593.00,605.00,591.50,604.90,604.90,0.00,0.00,600.63,"46,675.00",588.00,"28,034,503.00",272,16.90,13.50,2.87,2.28,0.71,620.83,631.72,867.00,528.30
69,GHL,-,210.00,211.70,207.40,211.40,211.40,0.00,0.00,209.60,"23,391.00",209.90,"4,902,821.00",152,1.50,4.30,0.71,2.07,0.85,229.46,241.31,318.00,197.10
70,GIBF1,-,10.35,10.50,10.32,10.50,10.50,0.00,0.00,10.38,"103,400.00",10.40,"1,072,801.00",30,0.10,0.18,0.96,1.74,1.19,10.50,10.41,11.68,9.30
71,GILB,-,"1,145.00","1,159.00","1,128.00","1,150.00","1,150.00",0.00,0.00,"1,145.52","1,378.00","1,144.90","1,578,533.00",29,5.10,31.00,0.45,2.75,0.39,"1,264.78","1,258.68","1,441.60","1,117.00"
72,GLBSL,-,"1,900.10","1,975.00","1,862.10","1,937.20","1,937.20",0.00,0.00,"1,905.02","2,232.00","1,923.00","4,251,999.50",56,14.20,112.90,0.74,6.06,1.66,"2,134.25","2,340.29","3,486.00","1,862.10"
73,GLH,-,251.50,251.50,245.00,248.00,248.00,0.00,0.00,246.83,"18,032.00",246.70,"4,450,890.80",131,1.30,6.50,0.53,2.65,0.47,262.65,260.71,306.30,227.40
74,GMFBS,-,"1,483.10","1,520.00","1,480.00","1,520.00","1,520.00",0.00,0.00,"1,488.37",746.00,"1,510.00","1,110,325.90",28,10.00,40.00,0.66,2.70,2.08,"1,573.12","1,574.94","1,980.00","1,395.00"
75,GMFIL,-,445.00,460.00,445.00,460.00,460.00,0.00,0.00,455.39,"25,336.00",447.00,"11,537,694.60",141,13.00,15.00,2.91,3.37,1.00,473.97,480.18,599.50,393.10
76,GMLI,-,"1,701.00","1,751.30","1,700.00","1,750.00","1,750.00",0.00,0.00,"1,735.21","2,541.00","1,708.00","4,409,167.00",109,42.00,51.30,2.46,3.02,0.85,"1,983.02","2,132.16","2,778.00",301.00
77,GRDBL,-,"1,129.90","1,220.00","1,114.00","1,215.00","1,215.00",0.00,0.00,"1,144.81","41,185.00","1,134.00","47,148,812.60",293,81.00,106.00,7.14,9.52,5.78,"1,175.03","1,207.40","2,001.40",944.00
78,GSY,-,9.00,9.20,8.90,9.05,9.05,0.00,0.00,9.07,"9,400.00",9.01,"85,232.00",49,0.04,0.30,0.44,3.37,-0.19,9.22,9.20,10.30,8.70
79,GUFL,-,505.00,510.00,500.00,507.00,507.00,0.00,0.00,504.67,"18,594.00",505.00,"9,383,868.60",118,2.00,10.00,0.40,2.00,0.46,524.38,537.73,723.00,460.60
80,GVL,-,499.00,512.00,495.00,510.00,510.00,0.00,0.00,500.77,"38,671.00",499.00,"19,365,141.40",317,11.00,17.00,2.20,3.43,1.81,519.84,499.03,662.00,424.00
81,GWFD83,-,"1,210.00","1,210.00","1,194.00","1,195.00","1,195.00",0.00,0.00,"1,196.22",450.00,"1,201.00","538,300.00",4,-6.00,16.00,-0.50,1.34,-0.10,"1,232.68","1,227.19","1,464.80","1,090.00"
82,H8020,-,10.71,11.20,10.71,10.77,10.77,0.00,0.00,10.90,"5,160.00",10.78,"56,231.00",17,-0.01,0.49,-0.09,4.58,-1.18,11.02,10.91,12.21,9.67
83,HATHY,-,876.00,909.00,876.00,909.00,909.00,0.00,0.00,895.10,"18,990.00",879.00,"16,997,990.30",261,30.00,33.00,3.41,3.77,1.53,"1,068.63","1,142.89","1,600.00",876.00
84,HBL,-,186.30,192.00,186.30,190.80,190.80,0.00,0.00,190.03,"54,088.00",190.10,"10,278,339.60","1,915",0.70,5.70,0.37,3.06,0.40,207.14,213.50,261.00,184.00
85,HDHPC,-,175.90,177.10,174.00,177.10,177.10,0.00,0.00,175.52,"69,925.00",174.60,"12,273,207.70",256,2.50,3.10,1.43,1.78,0.89,188.29,192.76,225.90,162.00
86,HDL,-,"1,140.00","1,169.00","1,140.00","1,160.00","1,160.00",0.00,0.00,"1,158.20","71,070.00","1,144.00","82,313,324.40",782,16.00,29.00,1.40,2.54,0.16,"1,270.11","1,247.18","1,556.10","1,103.00"
87,HEI,-,500.00,507.00,500.00,506.00,506.00,0.00,0.00,502.55,"1,475.00",506.00,"741,257.90",18,0.00,7.00,0.00,1.40,0.68,541.56,556.10,710.00,458.00
88,HEIP,-,322.00,322.00,315.00,315.00,315.00,0.00,0.00,321.02,"1,421.00",327.50,"456,163.00",7,-12.50,7.00,-3.82,2.22,-1.91,352.29,357.99,485.80,308.70
89,HHL,-,321.00,327.00,319.10,327.00,327.00,0.00,0.00,323.97,"20,939.00",321.00,"6,783,591.40",155,6.00,7.90,1.87,2.48,0.93,359.35,389.93,635.00,310.70
90,HIDCL,-,255.10,258.90,255.10,258.00,258.00,0.00,0.00,257.64,"73,772.00",255.40,"19,006,973.30",245,2.60,3.80,1.02,1.49,0.14,278.85,284.42,340.00,227.00
91,HIDCLP,-,181.00,182.20,178.30,181.00,181.00,0.00,0.00,180.59,"89,620.00",179.80,"16,184,169.20",164,1.20,3.90,0.67,2.19,0.23,196.36,197.19,239.00,153.90
92,HIMSTAR,-,884.00,992.00,884.00,979.00,979.00,0.00,0.00,953.17,"81,879.00",902.00,"78,044,316.60",956,77.00,108.00,8.54,12.22,2.64,0.00,0.00,"1,097.90",252.20
93,HLBSL,-,889.90,889.90,868.00,887.50,887.50,0.00,0.00,876.33,"3,489.00",875.00,"3,057,499.90",33,12.50,21.90,1.43,2.52,1.26,953.11,953.37,"1,140.00",837.00
94,HLI,-,367.00,371.00,367.00,371.00,371.00,0.00,0.00,369.01,"44,697.00",369.90,"16,493,573.80",403,1.10,4.00,0.30,1.09,0.54,391.32,399.27,506.80,354.80
95,HLICF,-,9.00,9.18,9.00,9.10,9.10,0.00,0.00,9.06,"2,550.00",9.05,"23,093.00",18,0.05,0.18,0.55,2.00,0.48,0.00,0.00,10.00,8.74
96,HPPL,-,465.00,469.00,460.00,468.00,468.00,0.00,0.00,465.24,"35,668.00",461.00,"16,594,263.60",180,7.00,9.00,1.52,1.96,0.59,492.79,516.57,711.00,395.00
97,HRL,-,840.00,845.00,825.00,839.50,839.50,0.00,0.00,836.69,"116,151.00",831.10,"97,182,134.10","1,145",8.40,20.00,1.01,2.42,0.33,897.86,922.75,"1,156.00",762.10
98,HURJA,-,221.00,223.00,218.30,223.00,223.00,0.00,0.00,220.82,"37,302.00",219.90,"8,236,960.00",116,3.10,4.70,1.41,2.15,0.98,234.69,239.45,283.40,204.60
99,ICFC,-,639.00,640.00,628.20,629.20,629.20,0.00,0.00,631.58,"23,087.00",630.00,"14,581,255.80",91,-0.80,11.80,-0.13,1.88,-0.38,642.46,630.46,730.90,555.00
100,IGI,-,413.50,419.00,413.00,417.30,417.30,0.00,0.00,414.94,"11,783.00",414.00,"4,889,229.70",84,3.30,6.00,0.80,1.45,0.57,478.16,503.84,664.20,392.00
101,IHL,-,560.00,595.00,553.70,589.50,589.50,0.00,0.00,563.32,"27,507.00",565.00,"15,495,339.90",240,24.50,41.30,4.34,7.46,4.44,556.91,575.19,838.00,490.00
102,ILBS,-,990.80,"1,029.00",990.80,"1,025.10","1,025.10",0.00,0.00,"1,014.13","11,720.00","1,011.00","11,885,653.20",117,14.10,38.20,1.39,3.86,1.07,"1,081.94","1,018.39","1,311.00",795.20
103,ILI,-,436.00,440.00,435.60,438.30,438.30,0.00,0.00,438.11,"11,990.00",436.60,"5,252,949.70",365,1.70,4.40,0.39,1.01,0.04,452.93,454.54,530.00,405.00
104,JBBL,-,324.00,336.10,321.00,335.00,335.00,0.00,0.00,331.07,"157,183.00",323.00,"52,038,490.90",558,12.00,15.10,3.72,4.70,1.17,332.22,332.64,413.00,295.00
105,JBLB,-,"1,324.20","1,324.20","1,299.00","1,324.00","1,324.00",0.00,0.00,"1,319.32","14,938.00","1,298.33","19,707,963.60",329,25.67,25.20,1.98,1.94,0.35,"1,437.35","1,395.19","1,644.00","1,270.70"
106,JFL,-,411.00,411.00,403.00,408.00,408.00,0.00,0.00,406.20,"8,997.00",403.00,"3,654,626.30",77,5.00,8.00,1.24,1.99,0.44,455.32,465.49,775.00,395.00
107,JHAPA,-,"1,331.90","1,396.00","1,331.90","1,384.00","1,384.00",0.00,0.00,"1,373.25","34,752.00","1,359.00","47,723,067.40",552,25.00,64.10,1.84,4.81,0.78,0.00,0.00,"1,417.00",293.40
108,JOSHI,-,280.00,286.50,279.00,286.50,286.50,0.00,0.00,283.69,"48,092.00",280.80,"13,643,093.00",262,5.70,7.50,2.03,2.69,0.98,318.73,341.49,488.50,254.00
109,JSLBB,-,"1,156.00","1,185.00","1,150.00","1,173.00","1,173.00",0.00,0.00,"1,176.22",923.00,"1,177.00","1,085,652.50",21,-4.00,35.00,-0.34,3.04,-0.27,"1,245.87","1,298.77","1,860.40","1,059.00"
110,KBL,-,182.40,182.40,178.00,179.00,179.00,0.00,0.00,178.84,"70,693.00",178.90,"12,642,635.30",301,0.10,4.40,0.06,2.47,0.09,195.82,199.11,233.50,175.50
111,KBSH,-,"1,685.00","1,726.00","1,680.00","1,726.00","1,726.00",0.00,0.00,"1,719.74",689.00,"1,662.00","1,184,898.40",14,64.00,46.00,3.85,2.74,0.36,"1,860.55","1,934.31","3,000.80","1,622.00"
112,KDBY,-,9.51,9.75,9.51,9.70,9.70,0.00,0.00,9.73,"18,492.00",9.70,"180,009.20",43,0.00,0.24,0.00,2.52,-0.36,9.54,9.49,10.57,8.67
113,KDL,-,775.00,826.60,775.00,812.00,812.00,0.00,0.00,794.88,"9,276.00",776.00,"7,373,308.60",150,36.00,51.60,4.64,6.66,2.11,995.58,"1,037.26","1,306.30",770.00
114,KEF,-,9.30,9.30,9.11,9.11,9.11,0.00,0.00,9.20,"10,900.00",9.20,"100,257.00",15,-0.09,0.19,-0.98,2.09,-0.96,9.28,9.19,10.42,8.48
115,KKHC,-,216.30,217.00,213.00,215.50,215.50,0.00,0.00,214.60,"81,069.00",213.80,"17,397,703.30",278,1.70,4.00,0.80,1.88,0.42,271.92,296.72,475.90,208.00
116,KMCDB,-,963.10,"1,015.00",963.10,"1,000.00","1,000.00",0.00,0.00,995.77,"11,222.00",982.73,"11,174,497.40",144,17.27,51.90,1.76,5.39,0.42,"1,050.11","1,043.32","1,270.00",936.60
117,KPCL,-,522.00,570.00,519.00,560.00,560.00,0.00,0.00,522.44,"73,496.00",518.20,"38,397,010.70",217,41.80,51.00,8.07,9.83,6.71,568.03,555.94,711.00,490.00
118,KSBBL,-,431.00,445.00,430.20,444.00,444.00,0.00,0.00,441.17,"76,908.00",431.80,"33,929,325.50",203,12.20,14.80,2.83,3.44,0.64,470.44,461.56,588.00,404.10
119,KSY,-,8.90,9.15,8.90,9.14,9.14,0.00,0.00,9.02,"8,803.00",8.98,"79,377.91",17,0.16,0.25,1.78,2.81,1.34,9.21,9.14,10.64,8.21
120,LBBL,-,446.00,486.00,446.00,486.00,486.00,0.00,0.00,473.88,"266,832.00",455.00,"126,445,832.40",610,31.00,40.00,6.81,8.97,2.49,490.39,470.32,646.30,376.50
121,LBBLD89,-,"1,315.00","1,315.00","1,315.00","1,315.00","1,315.00",0.00,0.00,"1,315.00",25.00,"1,341.30","32,875.00",1,-26.30,0.00,-1.96,0.00,0.00,"1,221.43",0.00,"1,346.00","1,082.00"
122,LEC,-,197.80,197.80,192.20,196.10,196.10,0.00,0.00,194.21,"72,499.00",194.00,"14,080,318.60",228,2.10,5.60,1.08,2.91,0.96,211.59,212.48,263.00,180.00
123,LICN,-,871.00,875.00,860.20,861.00,861.00,0.00,0.00,864.42,"24,333.00",870.30,"21,034,012.40",205,-9.30,14.80,-1.07,1.72,-0.40,879.01,902.14,"1,415.00",773.00
124,LLBS,-,930.00,966.90,930.00,945.20,945.20,0.00,0.00,953.77,438.00,940.00,"417,750.40",11,5.20,36.90,0.55,3.97,-0.91,"1,026.21","1,037.75","1,367.30",865.00
125,LSL,-,213.90,214.00,210.10,213.50,213.50,0.00,0.00,212.42,"27,729.00",213.80,"5,890,265.70",124,-0.30,3.90,-0.14,1.86,0.50,227.09,223.37,252.00,201.00
126,LUK,-,9.31,9.58,9.31,9.58,9.58,0.00,0.00,9.40,800.00,9.50,"7,520.00",4,0.08,0.27,0.84,2.90,1.88,9.82,9.80,11.97,8.97
127,LVF2,-,9.20,9.50,9.20,9.40,9.40,0.00,0.00,9.34,"2,200.00",9.38,"20,548.00",13,0.02,0.30,0.21,3.26,0.64,9.53,9.55,11.45,8.76
128,MABEL,-,755.00,780.00,745.00,764.50,764.50,0.00,0.00,762.59,"81,778.00",750.00,"62,363,308.80","1,001",14.50,35.00,1.93,4.70,0.25,0.00,0.00,805.00,317.70
129,MAKAR,-,545.70,545.70,530.00,545.00,545.00,0.00,0.00,537.59,"11,408.00",535.00,"6,132,868.00",88,10.00,15.70,1.87,2.96,1.36,588.74,619.30,860.00,520.00
130,MANDU,-,793.00,805.90,793.00,796.00,796.00,0.00,0.00,797.47,"3,650.00",793.50,"2,910,777.80",66,2.50,12.90,0.32,1.63,-0.19,840.56,852.19,"1,027.00",766.50
131,MATRI,-,981.10,"1,010.00",976.10,"1,010.00","1,010.00",0.00,0.00,993.50,"2,527.00",995.00,"2,510,579.80",57,15.00,33.90,1.51,3.47,1.63,"1,061.74","1,106.86","1,464.80",930.10
132,MBJC,-,276.20,283.00,271.70,282.00,282.00,0.00,0.00,277.66,"55,962.00",281.00,"15,538,454.80",418,1.00,11.30,0.36,4.16,1.54,300.41,307.22,405.00,270.00
133,MBL,-,220.10,229.50,218.00,225.50,225.50,0.00,0.00,222.96,"52,889.00",222.00,"11,792,101.40",156,3.50,11.50,1.58,5.28,1.13,230.17,227.38,272.10,205.00
134,MBLD2085,-,"1,164.70","1,164.70","1,164.70","1,164.70","1,164.70",0.00,0.00,"1,164.70",10.00,"1,164.90","11,647.00",1,-0.20,0.00,-0.02,0.00,0.00,"1,066.48",0.00,"1,294.00","1,116.20"
135,MBLD87,-,"1,123.10","1,123.10","1,123.10","1,123.10","1,123.10",0.00,0.00,"1,123.10",40.00,"1,146.00","44,924.00",1,-22.90,0.00,-2.00,0.00,0.00,"1,045.00",0.00,"1,169.00","1,020.00"
136,MBLEF,-,9.59,9.59,9.50,9.57,9.57,0.00,0.00,9.58,"23,500.00",9.60,"225,116.00",27,-0.03,0.09,-0.31,0.95,-0.10,9.12,0.00,10.19,8.59
137,MCHL,-,425.00,433.00,416.10,419.00,419.00,0.00,0.00,421.27,"8,148.00",425.00,"3,432,505.40",91,-6.00,16.90,-1.41,4.06,-0.54,507.36,531.94,714.00,416.10
138,MDB,-,578.90,594.00,578.90,594.00,594.00,0.00,0.00,587.75,"29,147.00",579.50,"17,131,119.20",155,14.50,15.10,2.50,2.61,1.05,600.64,604.05,764.00,530.50
139,MEHL,-,430.90,443.80,422.60,441.90,441.90,0.00,0.00,433.54,"30,027.00",423.00,"13,017,915.30",223,18.90,21.20,4.47,5.02,1.89,434.17,453.33,696.00,372.40
140,MEL,-,265.00,269.50,263.20,266.30,266.30,0.00,0.00,266.84,"15,811.00",265.00,"4,219,022.10",240,1.30,6.30,0.49,2.39,-0.20,295.28,300.25,393.00,255.00
141,MEN,-,557.10,564.00,557.10,561.90,561.90,0.00,0.00,560.69,"36,591.00",557.60,"20,516,363.80",205,4.30,6.90,0.77,1.24,0.21,615.25,604.66,683.40,535.00
142,MERO,-,718.80,718.80,707.00,714.80,714.80,0.00,0.00,714.24,"3,224.00",711.00,"2,302,697.40",31,3.80,11.80,0.53,1.67,0.08,799.16,771.62,"1,000.00",648.00
143,MFIL,-,709.00,724.30,709.00,720.00,720.00,0.00,0.00,718.57,"139,188.00",722.70,"100,016,876.40",246,-2.70,15.30,-0.37,2.16,0.20,639.25,625.55,750.50,545.00
144,MFLD85,-,"1,130.50","1,130.50","1,130.50","1,130.50","1,130.50",0.00,0.00,"1,130.50",25.00,"1,153.50","28,262.50",1,-23.00,0.00,-1.99,0.00,0.00,"1,083.63","1,057.66","1,189.00","1,040.50"
145,MHCL,-,385.00,393.00,378.50,385.20,385.20,0.00,0.00,382.09,"11,546.00",386.00,"4,411,621.50",124,-0.80,14.50,-0.21,3.83,0.81,424.27,447.31,655.00,363.00
146,MHL,-,480.00,497.80,480.00,497.80,497.80,0.00,0.00,491.33,"22,630.00",481.30,"11,118,877.50",178,16.50,17.80,3.43,3.71,1.30,522.83,565.85,"1,088.00",445.00
147,MHNL,-,247.60,247.60,239.30,244.30,244.30,0.00,0.00,241.54,"22,893.00",243.00,"5,529,562.50",84,1.30,8.30,0.53,3.47,1.13,258.57,260.29,316.00,226.00
148,MKCL,-,"1,355.00","1,400.00","1,355.00","1,400.00","1,400.00",0.00,0.00,"1,382.62","6,550.00","1,355.00","9,056,158.80",159,45.00,45.00,3.32,3.32,1.24,"1,496.03","1,514.69","1,900.00","1,333.00"
149,MKHC,-,356.50,356.50,344.00,355.00,355.00,0.00,0.00,349.19,"18,311.00",350.00,"6,393,981.60",163,5.00,12.50,1.43,3.63,1.64,405.76,426.72,627.00,334.20
150,MKHL,-,778.50,799.80,778.50,789.00,789.00,0.00,0.00,787.34,"4,620.00",793.00,"3,637,520.50",55,-4.00,21.30,-0.50,2.74,0.21,799.49,769.52,"1,027.00",625.00
151,MKJC,-,505.20,524.90,505.00,521.00,521.00,0.00,0.00,517.57,"18,954.00",515.00,"9,809,970.80",109,6.00,19.90,1.17,3.94,0.66,552.04,543.65,635.00,475.50
152,MLBBL,-,"1,314.00","1,329.50","1,300.00","1,325.00","1,325.00",0.00,0.00,"1,311.65","3,278.00","1,314.00","4,299,579.50",47,11.00,29.50,0.84,2.27,1.01,"1,503.85","1,505.68","2,019.00","1,300.00"
153,MLBL,-,355.30,367.00,355.00,366.00,366.00,0.00,0.00,363.04,"42,765.00",358.00,"15,525,566.30",173,8.00,12.00,2.23,3.38,0.81,389.25,389.51,488.00,348.90
154,MLBS,-,"1,477.00","1,477.00","1,424.00","1,468.80","1,468.80",0.00,0.00,"1,441.92",718.00,"1,450.00","1,035,295.00",25,18.80,53.00,1.30,3.72,1.83,"1,561.13","1,606.11","2,400.00","1,395.00"
155,MLBSL,-,"1,931.00","1,949.00","1,910.50","1,949.00","1,949.00",0.00,0.00,"1,927.37",998.00,"1,931.00","1,923,515.50",43,18.00,38.50,0.93,2.02,1.11,"2,116.42","2,153.62","2,584.00","1,892.00"
156,MMF1,-,8.88,8.88,8.55,8.70,8.70,0.00,0.00,8.68,"10,850.00",8.71,"94,131.50",43,-0.01,0.33,-0.11,3.86,0.28,8.94,8.89,9.95,8.05
157,MMKJL,-,593.90,621.90,593.90,609.00,609.00,0.00,0.00,600.40,"55,313.00",606.00,"33,210,074.20",369,3.00,28.00,0.50,4.71,1.41,597.49,609.90,890.40,528.20
158,MNBBL,-,347.00,353.90,345.00,351.00,351.00,0.00,0.00,349.50,"47,306.00",346.00,"16,533,435.20",292,5.00,8.90,1.45,2.58,0.43,397.39,385.52,503.00,340.10
159,MND84/85,-,"1,106.10","1,106.10","1,106.10","1,106.10","1,106.10",0.00,0.00,"1,106.10",30.00,"1,110.00","33,183.00",1,-3.90,0.00,-0.35,0.00,0.00,"1,054.55",0.00,"1,128.00","1,015.00"
160,MNMF1,-,9.00,9.07,8.90,9.04,9.04,0.00,0.00,9.03,"6,900.00",9.04,"62,281.00",37,0.00,0.17,0.00,1.91,0.15,9.11,9.13,10.42,8.53
161,MPFL,-,603.10,626.20,603.10,625.10,625.10,0.00,0.00,621.84,"38,173.00",615.00,"23,737,544.20",234,10.10,23.10,1.64,3.83,0.52,580.27,590.41,775.00,491.00
162,MSHL,-,830.00,830.00,815.00,824.00,824.00,0.00,0.00,818.97,"1,215.00",830.00,"995,047.00",36,-6.00,15.00,-0.72,1.84,0.61,895.85,894.16,"1,135.00",800.10
163,MSLB,-,"1,275.00","1,290.00","1,269.00","1,290.00","1,290.00",0.00,0.00,"1,278.03","1,671.00","1,280.00","2,135,581.00",45,10.00,21.00,0.78,1.65,0.93,"1,389.48","1,335.58","1,710.00","1,130.20"
164,NABBC,-,"1,136.90","1,269.90","1,136.90","1,259.00","1,259.00",0.00,0.00,"1,224.04","24,999.00","1,160.10","30,599,844.90",189,98.90,133.00,8.53,11.70,2.78,"1,166.63","1,341.75","2,060.00",662.00
165,NABIL,-,492.00,492.00,488.10,489.50,489.50,0.00,0.00,489.55,"57,630.00",490.30,"28,212,967.30",557,-0.80,3.90,-0.16,0.80,-0.01,512.69,504.38,562.00,471.00
166,NABILD2089,-,"1,078.00","1,085.00","1,078.00","1,085.00","1,085.00",0.00,0.00,"1,081.50",50.00,"1,081.00","54,075.00",2,4.00,7.00,0.37,0.65,0.32,0.00,0.00,"1,125.00","1,000.00"
167,NABILD87,-,"1,156.00","1,156.00","1,156.00","1,156.00","1,156.00",0.00,0.00,"1,156.00",25.00,"1,178.10","28,900.00",1,-22.10,0.00,-1.88,0.00,0.00,"1,084.74",0.00,"1,178.10","1,040.00"
168,NADEP,-,795.00,820.00,795.00,810.00,810.00,0.00,0.00,807.06,"3,953.00",810.00,"3,190,320.50",33,0.00,25.00,0.00,3.14,0.36,820.05,829.90,"1,067.00",696.00
169,NBF2,-,9.69,9.69,9.55,9.55,9.55,0.00,0.00,9.56,"4,774.00",9.50,"45,618.70",8,0.05,0.14,0.53,1.47,-0.06,9.78,9.77,11.10,8.86
170,NBF3,-,9.10,9.20,9.01,9.10,9.10,0.00,0.00,9.17,"19,845.00",9.10,"181,948.80",27,0.00,0.19,0.00,2.11,-0.75,9.53,9.52,10.67,8.35
171,NBL,-,236.00,239.90,235.70,239.40,239.40,0.00,0.00,238.05,"45,014.00",238.00,"10,715,532.20",162,1.40,4.20,0.59,1.78,0.56,256.10,254.43,313.00,225.40
172,NBLD87,-,"1,131.00","1,131.00","1,131.00","1,131.00","1,131.00",0.00,0.00,"1,131.00",25.00,"1,122.00","28,275.00",1,9.00,0.00,0.80,0.00,0.00,"1,067.57","1,058.33","1,150.00","1,010.10"
173,NESDO,-,"1,480.10","1,499.00","1,480.00","1,499.00","1,499.00",0.00,0.00,"1,489.58",951.00,"1,494.80","1,416,591.90",33,4.20,19.00,0.28,1.28,0.63,"1,566.90","1,614.20","2,522.00","1,380.10"
174,NFS,-,618.00,632.00,618.00,632.00,632.00,0.00,0.00,624.83,"24,366.00",618.00,"15,224,679.00",172,14.00,14.00,2.27,2.27,1.13,666.49,662.25,"1,065.00",576.00
175,NGPL,-,396.60,398.00,390.40,396.90,396.90,0.00,0.00,394.98,"212,498.00",393.00,"83,932,655.40",553,3.90,7.60,0.99,1.95,0.48,395.54,378.32,465.00,253.00
176,NHDL,-,695.80,766.00,695.80,705.00,705.00,0.00,0.00,708.66,"65,309.00",710.00,"46,281,561.10",335,-5.00,70.20,-0.70,10.09,-0.52,694.72,713.50,"1,002.60",623.00
177,NHPC,-,182.30,189.00,182.30,188.80,188.80,0.00,0.00,187.59,"42,321.00",186.00,"7,939,163.00",138,2.80,6.70,1.51,3.68,0.64,201.80,207.13,244.50,178.60
178,NIBLGF,-,8.86,8.86,8.80,8.80,8.80,0.00,0.00,8.85,"2,430.00",8.69,"21,504.00",5,0.11,0.06,1.27,0.68,-0.56,8.93,8.83,10.09,7.84
179,NIBLSTF,-,8.48,8.63,8.48,8.62,8.62,0.00,0.00,8.61,"34,550.00",8.65,"297,474.30",24,-0.03,0.15,-0.35,1.77,0.12,8.62,8.54,10.08,7.85
180,NIBSF2,-,8.65,8.68,8.50,8.67,8.67,0.00,0.00,8.63,"2,050.00",8.65,"17,698.00",9,0.02,0.18,0.23,2.12,0.42,8.68,8.56,9.58,8.01
181,NICA,-,350.00,355.50,344.20,352.30,352.30,0.00,0.00,349.36,"226,433.00",344.00,"79,107,162.80",980,8.30,11.30,2.41,3.28,0.83,343.32,348.74,428.40,304.50
182,NICAD85/86,-,"1,143.00","1,143.00","1,143.00","1,143.00","1,143.00",0.00,0.00,"1,143.00",25.00,"1,160.00","28,575.00",1,-17.00,0.00,-1.47,0.00,0.00,"1,087.19",0.00,"1,190.00","1,053.50"
183,NICBF,-,9.07,9.07,9.00,9.00,9.00,0.00,0.00,9.07,"2,600.00",8.90,"23,575.00",3,0.10,0.07,1.12,0.78,-0.75,9.25,9.21,10.60,8.48
184,NICD88,-,"1,140.10","1,140.10","1,140.10","1,140.10","1,140.10",0.00,0.00,"1,140.10",100.00,"1,130.00","114,010.00",1,10.10,0.00,0.89,0.00,0.00,"1,054.51","1,034.90","1,153.00","1,006.00"
185,NICFC,-,8.67,8.85,8.67,8.85,8.85,0.00,0.00,8.83,"7,300.00",8.84,"64,431.00",25,0.01,0.18,0.11,2.08,0.27,9.17,9.15,10.40,8.37
186,NICGF2,-,9.00,9.17,9.00,9.10,9.10,0.00,0.00,9.03,"6,910.00",9.00,"62,405.00",33,0.10,0.17,1.11,1.89,0.76,8.83,8.77,9.98,8.33
187,NICL,-,500.00,501.00,493.00,500.00,500.00,0.00,0.00,498.91,"23,959.00",498.90,"11,953,348.80",177,1.10,8.00,0.22,1.62,0.22,567.92,641.31,"1,047.00",489.10
188,NICLBSL,-,554.00,561.90,546.30,561.00,561.00,0.00,0.00,558.72,"10,765.00",554.00,"6,014,617.80",156,7.00,15.60,1.26,2.86,0.41,601.75,611.73,764.00,535.00
189,NICSF,-,8.74,8.74,8.58,8.70,8.70,0.00,0.00,8.68,"4,320.00",8.57,"37,487.00",11,0.13,0.16,1.52,1.86,0.26,8.96,9.01,10.10,8.04
190,NIFRA,-,261.10,265.70,261.10,265.00,265.00,0.00,0.00,264.28,"65,143.00",263.90,"17,215,809.80",521,1.10,4.60,0.42,1.76,0.27,276.17,277.84,328.10,240.50
191,NIL,-,610.00,619.00,610.00,616.00,616.00,0.00,0.00,613.92,"11,332.00",619.00,"6,956,927.50",86,-3.00,9.00,-0.48,1.48,0.34,651.78,677.43,957.00,562.00
192,NIMB,-,192.00,193.90,191.50,192.40,192.40,0.00,0.00,192.83,"72,599.00",191.80,"13,999,474.30",255,0.60,2.40,0.31,1.25,-0.22,207.14,208.33,247.00,187.00
193,NIMBD90,-,"1,226.00","1,226.00","1,226.00","1,226.00","1,226.00",0.00,0.00,"1,226.00",25.00,"1,250.50","30,650.00",1,-24.50,0.00,-1.96,0.00,0.00,"1,176.30","1,139.81","1,425.00","1,102.50"
194,NIMBPO,-,159.60,159.70,156.80,158.80,158.80,0.00,0.00,157.81,"20,573.00",156.70,"3,246,621.10",23,2.10,2.90,1.34,1.85,0.62,163.10,161.09,184.50,147.70
195,NLG,-,692.40,700.00,692.00,698.00,698.00,0.00,0.00,696.12,"28,815.00",690.00,"20,058,589.80",216,8.00,8.00,1.16,1.16,0.27,760.13,783.59,"1,195.00",660.00
196,NLIC,-,774.10,774.10,761.00,767.00,767.00,0.00,0.00,766.06,"44,186.00",759.00,"33,849,235.10",253,8.00,13.10,1.05,1.72,0.12,791.64,782.37,890.00,702.00
197,NLICL,-,585.90,585.90,574.40,583.70,583.70,0.00,0.00,579.21,"8,911.00",577.70,"5,161,375.70",52,6.00,11.50,1.04,2.00,0.77,608.79,613.23,738.00,539.00
198,NMB,-,235.00,238.90,235.00,236.10,236.10,0.00,0.00,236.77,"34,799.00",235.10,"8,239,372.90",126,1.00,3.90,0.43,1.66,-0.28,248.87,247.62,283.00,230.00
199,NMB50,-,10.18,10.49,10.18,10.49,10.49,0.00,0.00,10.39,"45,120.00",10.18,"468,582.80",8,0.31,0.31,3.05,3.05,1.00,10.56,10.56,11.93,9.75
200,NMBD89/90,-,"1,299.00","1,299.00","1,299.00","1,299.00","1,299.00",0.00,0.00,"1,299.00",50.00,"1,325.00","64,950.00",1,-26.00,0.00,-1.96,0.00,0.00,0.00,0.00,"1,325.00","1,089.70"
201,NMBHF2,-,9.15,9.30,9.15,9.30,9.30,0.00,0.00,9.21,"4,720.00",9.28,"43,463.50",32,0.02,0.15,0.22,1.64,0.99,8.99,0.00,10.00,8.16
202,NMBMF,-,676.20,730.00,671.00,692.00,692.00,0.00,0.00,701.47,"12,640.00",689.90,"8,866,574.20",94,2.10,59.00,0.30,8.79,-1.37,700.64,704.10,876.00,596.00
203,NMFBS,-,"1,329.00","1,329.00","1,299.00","1,305.00","1,305.00",0.00,0.00,"1,310.12","31,925.00","1,310.00","41,825,629.80",324,-5.00,30.00,-0.38,2.31,-0.39,"1,298.44","1,271.47","1,504.00","1,161.00"
204,NMIC,-,"1,230.00","1,294.00","1,229.00","1,280.00","1,280.00",0.00,0.00,"1,270.50","25,980.00","1,232.00","33,007,647.50",552,48.00,65.00,3.90,5.29,0.74,"1,395.71",0.00,"2,703.30",302.30
205,NMLBBL,-,636.00,647.10,633.00,633.10,633.10,0.00,0.00,636.92,"3,417.00",636.00,"2,176,349.20",49,-2.90,14.10,-0.46,2.23,-0.60,664.93,659.14,807.00,600.00
206,NRIC,-,"1,265.90","1,288.00","1,255.00","1,273.90","1,273.90",0.00,0.00,"1,271.35","71,747.00","1,253.00","91,215,877.50",428,20.90,33.00,1.67,2.63,0.20,"1,393.18","1,352.39","1,842.00",727.00
207,NRM,-,413.10,440.00,413.10,435.00,435.00,0.00,0.00,429.50,"85,320.00",416.00,"36,644,786.10",461,19.00,26.90,4.57,6.51,1.26,449.38,456.18,645.00,390.10
208,NRN,-,"1,360.00","1,417.00","1,360.00","1,412.00","1,412.00",0.00,0.00,"1,391.32","81,530.00","1,365.00","113,434,525.50",546,47.00,57.00,3.44,4.19,1.46,"1,953.89","1,927.90","2,444.00","1,025.50"
209,NSIF2,-,10.21,10.41,10.21,10.40,10.40,0.00,0.00,10.38,"101,800.00",10.39,"1,056,555.00",24,0.01,0.20,0.10,1.96,0.20,10.55,10.51,11.93,9.75
210,NTC,-,860.00,864.00,856.00,857.50,857.50,0.00,0.00,858.81,"12,136.00",868.00,"10,422,554.80",267,-10.50,8.00,-1.21,0.93,-0.15,864.61,869.89,996.30,762.50
211,NUBL,-,687.20,712.10,687.00,700.10,700.10,0.00,0.00,697.62,"6,387.00",698.20,"4,455,680.50",58,1.90,25.10,0.27,3.65,0.35,752.27,727.19,854.40,650.00
212,NWCL,-,839.00,885.00,839.00,885.00,885.00,0.00,0.00,869.98,"24,060.00",832.00,"20,931,605.30",342,53.00,46.00,6.37,5.48,1.70,852.03,880.51,"1,147.00",740.20
213,NYADI,-,399.00,407.00,392.00,400.00,400.00,0.00,0.00,400.84,"29,689.00",399.00,"11,900,478.00",229,1.00,15.00,0.25,3.83,-0.21,416.59,448.30,880.00,354.00
214,OHL,-,693.00,709.00,691.00,708.70,708.70,0.00,0.00,700.78,"2,474.00",704.00,"1,733,727.80",36,4.70,18.00,0.67,2.60,1.12,783.96,819.27,"1,100.00",633.10
215,OMPL,-,"1,320.10","1,377.00","1,320.00","1,370.00","1,370.00",0.00,0.00,"1,345.28","82,025.00","1,330.00","110,346,653.50","1,107",40.00,57.00,3.01,4.32,1.80,"1,291.82",0.00,"2,167.20",270.00
216,PBD84,-,"1,182.00","1,182.00","1,180.00","1,180.00","1,180.00",0.00,0.00,"1,180.30",395.00,"1,172.00","466,220.00",9,8.00,2.00,0.68,0.17,-0.03,"1,092.19",0.00,"1,182.00","1,052.00"
217,PBD88,-,"1,240.00","1,242.00","1,240.00","1,242.00","1,242.00",0.00,0.00,"1,241.33",75.00,"1,250.00","93,100.00",3,-8.00,2.00,-0.64,0.16,0.05,"1,165.27","1,152.39","1,262.00","1,090.00"
218,PCBL,-,239.00,240.00,237.00,238.50,238.50,0.00,0.00,238.32,"57,737.00",239.72,"13,759,971.30",227,-1.22,3.00,-0.51,1.27,0.07,252.30,250.33,290.00,226.00
219,PFL,-,360.00,363.00,354.00,355.00,355.00,0.00,0.00,355.91,"28,825.00",359.80,"10,259,104.80",209,-4.80,9.00,-1.33,2.54,-0.26,396.02,402.44,600.00,339.90
220,PHCL,-,259.00,267.00,258.80,263.60,263.60,0.00,0.00,262.89,"95,663.00",261.00,"25,148,481.40",462,2.60,8.20,1.00,3.17,0.27,403.59,461.93,745.60,258.80
221,PMHPL,-,305.40,324.00,305.40,317.00,317.00,0.00,0.00,313.86,"18,089.00",311.60,"5,677,493.50",89,5.40,18.60,1.73,6.09,0.99,361.77,341.20,468.00,265.00
222,PMLI,-,481.00,495.00,480.00,495.00,495.00,0.00,0.00,486.67,"13,360.00",480.77,"6,501,953.80",201,14.23,15.00,2.96,3.13,1.68,501.24,515.61,665.00,445.00
223,PPCL,-,356.90,356.90,350.00,353.00,353.00,0.00,0.00,352.27,"45,768.00",350.50,"16,122,804.40",202,2.50,6.90,0.71,1.97,0.21,341.47,337.84,409.90,273.00
224,PPL,-,311.50,320.00,311.50,317.90,317.90,0.00,0.00,315.41,"71,883.00",313.00,"22,672,319.90",335,4.90,8.50,1.57,2.73,0.78,349.77,399.08,648.60,263.20
225,PRIN,-,680.00,693.00,678.00,693.00,693.00,0.00,0.00,686.67,"16,390.00",689.00,"11,254,519.00",162,4.00,15.00,0.58,2.21,0.91,746.16,792.07,"1,088.80",630.00
226,PROFL,-,449.00,456.00,442.00,453.00,453.00,0.00,0.00,449.82,"7,697.00",448.00,"3,462,268.60",84,5.00,14.00,1.12,3.17,0.70,484.43,493.55,664.00,421.40
227,PRSF,-,10.79,11.00,10.79,10.90,10.90,0.00,0.00,10.96,"17,900.00",10.80,"196,171.00",9,0.10,0.21,0.93,1.95,-0.54,10.79,10.74,12.05,9.67
228,PRVU,-,186.00,186.60,184.10,185.20,185.20,0.00,0.00,185.19,"101,996.00",184.70,"18,888,200.70",320,0.50,2.50,0.27,1.36,0.01,204.34,205.29,250.90,180.00
229,PSF,-,10.59,10.80,10.59,10.73,10.73,0.00,0.00,10.78,"39,539.00",10.65,"426,325.20",18,0.08,0.21,0.75,1.98,-0.49,10.79,10.69,11.90,9.47
230,PURE,-,"1,059.00","1,097.00","1,040.00","1,055.40","1,055.40",0.00,0.00,"1,064.24","64,997.00","1,059.80","69,172,184.20",801,-4.40,57.00,-0.42,5.48,-0.84,873.62,0.00,"1,327.90",289.30
231,RADHI,-,737.00,754.90,731.20,750.00,750.00,0.00,0.00,743.69,"124,857.00",733.00,"92,854,321.60",412,17.00,23.70,2.32,3.24,0.84,759.22,717.11,905.60,333.40
232,RAWA,-,686.30,709.80,686.30,703.00,703.00,0.00,0.00,705.09,"3,268.00",700.00,"2,304,236.50",41,3.00,23.50,0.43,3.42,-0.30,753.32,782.47,990.00,686.00
233,RBBD2088,-,"1,083.00","1,100.00","1,077.00","1,085.00","1,085.00",0.00,0.00,"1,089.00",125.00,"1,083.00","136,125.00",5,2.00,23.00,0.18,2.14,-0.37,0.00,0.00,"1,100.00",967.60
234,RBCL,-,"14,978.00","15,000.00","14,955.00","15,000.00","15,000.00",0.00,0.00,"14,981.10",427.00,"14,781.00","6,396,931.00",22,219.00,45.00,1.48,0.30,0.13,"15,142.63","15,006.13","16,900.00","14,024.00"
235,RBCLPO,-,"11,998.00","12,000.00","11,998.00","12,000.00","12,000.00",0.00,0.00,"11,999.26",70.00,"12,005.00","839,948.00",5,-5.00,2.00,-0.04,0.02,0.01,"12,219.75","12,029.80","13,530.00","11,007.10"
236,RFPL,-,350.00,365.10,350.00,361.00,361.00,0.00,0.00,358.56,"124,557.00",354.80,"44,661,522.50",522,6.20,15.10,1.75,4.31,0.68,441.31,495.78,"1,484.00",306.00
237,RHGCL,-,239.00,249.20,238.10,249.00,249.00,0.00,0.00,245.59,"41,488.00",241.80,"10,189,060.20",193,7.20,11.10,2.98,4.66,1.37,288.02,347.72,708.00,217.20
238,RHPL,-,269.00,272.00,268.00,272.00,272.00,0.00,0.00,269.40,"26,653.00",269.20,"7,180,228.50",182,2.80,4.00,1.04,1.49,0.96,301.85,331.28,487.30,252.30
239,RIDI,-,218.50,221.70,218.00,219.10,219.10,0.00,0.00,219.34,"82,683.00",218.50,"18,135,454.30",188,0.60,3.70,0.27,1.70,-0.11,240.43,242.76,302.00,203.50
240,RLFL,-,417.40,417.40,410.50,416.30,416.30,0.00,0.00,414.62,"10,689.00",413.30,"4,431,873.20",73,3.00,6.90,0.73,1.68,0.40,456.90,471.82,703.80,398.00
241,RLFLPO,-,274.00,274.00,274.00,274.00,274.00,0.00,0.00,274.00,"22,632.00",274.00,"6,201,168.00",2,0.00,0.00,0.00,0.00,0.00,0.00,0.00,303.00,274.00
242,RMF1,-,9.28,9.28,9.10,9.15,9.15,0.00,0.00,9.11,"5,600.00",9.11,"51,042.00",13,0.04,0.18,0.44,1.98,0.39,9.50,9.40,11.40,8.38
243,RMF2,-,9.43,9.61,9.43,9.48,9.48,0.00,0.00,9.58,"12,500.00",9.59,"119,729.00",10,-0.11,0.18,-1.15,1.91,-1.04,9.53,9.44,10.58,8.73
244,RNLI,-,466.50,466.50,457.20,465.40,465.40,0.00,0.00,462.35,"66,915.00",476.00,"30,938,073.90",642,-10.60,9.30,-2.23,2.03,0.66,473.58,486.88,593.00,416.00
245,RSDC,-,632.70,643.00,627.20,639.80,639.80,0.00,0.00,631.19,"19,280.00",632.50,"12,169,402.10",136,7.30,15.80,1.15,2.52,1.35,669.90,673.14,880.00,578.70
246,RSY,-,9.50,9.55,9.36,9.48,9.48,0.00,0.00,9.50,"34,820.00",9.52,"330,896.40",33,-0.04,0.19,-0.42,2.03,-0.24,0.00,0.00,10.08,8.58
247,RURU,-,661.00,737.00,661.00,737.00,737.00,0.00,0.00,678.35,"31,821.00",670.00,"21,585,929.00",163,67.00,76.00,10.00,11.50,7.96,733.86,728.03,853.00,640.00
248,SADBL,-,400.00,410.00,395.00,408.00,408.00,0.00,0.00,402.35,"47,142.00",395.10,"18,967,704.90",195,12.90,15.00,3.26,3.80,1.38,417.40,413.36,526.50,376.00
249,SAGAR,-,"1,833.00","2,016.30","1,833.00","2,016.30","2,016.30",0.00,0.00,"1,936.18","81,032.00","1,833.00","156,892,528.10","1,864",183.30,183.30,10.00,10.00,3.97,0.00,0.00,"2,146.90",319.50
250,SAGF,-,9.71,10.02,9.71,9.82,9.82,0.00,0.00,9.94,"19,722.00",9.90,"196,121.44",17,-0.08,0.31,-0.81,3.19,-1.27,9.77,9.71,11.00,8.79
251,SAHAS,-,540.10,548.50,540.10,543.00,543.00,0.00,0.00,543.85,"122,473.00",544.90,"66,606,846.50",515,-1.90,8.40,-0.35,1.56,-0.16,616.99,583.21,705.00,463.00
252,SAIL,-,958.10,"1,033.30",941.10,"1,033.30","1,033.30",0.00,0.00,"1,006.30","160,424.00",939.40,"161,433,910.50","3,152",93.90,92.20,10.00,9.80,2.61,0.00,0.00,"1,033.30",301.70
253,SALICO,-,609.00,609.00,598.00,607.00,607.00,0.00,0.00,601.44,"8,146.00",606.00,"4,899,368.30",41,1.00,11.00,0.17,1.84,0.92,646.55,662.57,780.00,570.10
254,SANIMA,-,322.00,327.00,315.70,327.00,327.00,0.00,0.00,323.16,"105,874.00",318.00,"34,214,268.70",310,9.00,11.30,2.83,3.58,1.17,335.57,326.38,391.00,285.00
255,SANVI,-,754.80,786.90,740.00,784.00,784.00,0.00,0.00,768.74,"151,257.00",740.00,"116,276,766.30","1,812",44.00,46.90,5.95,6.34,1.95,0.00,0.00,930.40,359.00
256,SAPDBL,-,844.70,859.70,840.40,840.40,840.40,0.00,0.00,846.76,"30,786.00",861.90,"26,068,243.10",294,-21.50,19.30,-2.49,2.30,-0.76,877.08,923.25,"1,622.70",686.00
257,SARBTM,-,897.60,904.00,880.00,899.00,899.00,0.00,0.00,896.54,"66,720.00",880.00,"59,816,893.20",321,19.00,24.00,2.16,2.73,0.27,887.87,870.25,"1,048.00",710.00
258,SBCF,-,8.98,9.33,8.98,9.10,9.10,0.00,0.00,9.23,"25,615.00",9.15,"236,519.50",16,-0.05,0.35,-0.55,3.90,-1.47,9.46,9.41,12.03,8.70
259,SBD87,-,"1,111.00","1,111.00","1,111.00","1,111.00","1,111.00",0.00,0.00,"1,111.00",25.00,"1,132.00","27,775.00",1,-21.00,0.00,-1.86,0.00,0.00,"1,059.30","1,041.30","1,139.00","1,019.50"
260,SBI,-,404.00,404.00,396.00,399.00,399.00,0.00,0.00,398.21,"46,176.00",399.00,"18,387,927.50",68,0.00,8.00,0.00,2.02,0.20,401.17,401.94,460.00,363.00
261,SBID2090,-,"1,070.00","1,070.00","1,070.00","1,070.00","1,070.00",0.00,0.00,"1,070.00",25.00,"1,085.00","26,750.00",1,-15.00,0.00,-1.38,0.00,0.00,0.00,0.00,"1,107.00","1,000.00"
262,SBL,-,370.00,390.00,370.00,380.00,380.00,0.00,0.00,380.79,"133,269.00",372.00,"50,747,725.20",341,8.00,20.00,2.15,5.41,-0.21,355.97,332.66,408.00,261.00
263,SBLD84,-,"1,115.00","1,115.00","1,115.00","1,093.00","1,093.00",0.00,0.00,"1,114.39",180.00,"1,095.00","200,590.00",4,-2.00,0.00,-0.18,0.00,-1.96,"1,025.26",965.53,"1,115.00","1,008.50"
264,SCB,-,636.00,636.00,628.20,631.90,631.90,0.00,0.00,630.32,"19,360.00",632.00,"12,202,998.40",133,-0.10,7.80,-0.02,1.24,0.25,636.24,631.06,701.00,594.90
265,SCBD,-,"1,195.00","1,195.00","1,180.00","1,180.00","1,180.00",0.00,0.00,"1,187.50",200.00,"1,210.10","237,500.00",2,-30.10,15.00,-2.49,1.27,-0.64,"1,129.66",0.00,"1,231.10","1,060.90"
266,SDBD87,-,"1,157.00","1,157.00","1,157.00","1,157.00","1,157.00",0.00,0.00,"1,157.00",25.00,"1,180.00","28,925.00",1,-23.00,0.00,-1.95,0.00,0.00,"1,086.95","1,067.47","1,196.20","1,030.00"
267,SEF,-,9.65,9.78,9.47,9.78,9.78,0.00,0.00,9.65,"66,049.00",9.84,"637,386.72",29,-0.06,0.31,-0.61,3.27,1.33,9.75,9.80,11.50,8.60
268,SFCL,-,371.50,377.10,359.40,372.10,372.10,0.00,0.00,367.44,"32,800.00",374.00,"12,051,890.30",261,-1.90,17.70,-0.51,4.92,1.25,437.84,461.25,734.00,359.40
269,SFEF,-,9.50,9.55,9.50,9.54,9.54,0.00,0.00,9.54,"12,680.00",9.50,"120,959.20",14,0.04,0.05,0.42,0.53,0.01,9.52,9.49,11.12,8.82
270,SFMF,-,10.39,10.39,10.39,10.39,10.39,0.00,0.00,10.39,500.00,10.21,"5,195.00",2,0.18,0.00,1.76,0.00,0.00,10.25,10.28,11.74,9.40
271,SGHC,-,387.80,395.00,381.00,384.80,384.80,0.00,0.00,385.15,"29,506.00",380.20,"11,364,200.20",165,4.60,14.00,1.21,3.67,-0.09,384.35,414.77,649.50,296.00
272,SGIC,-,470.10,477.80,463.00,477.80,477.80,0.00,0.00,472.04,"24,220.00",472.00,"11,432,691.60",131,5.80,14.80,1.23,3.20,1.21,520.51,538.37,736.40,439.00
273,SHEL,-,271.00,274.10,270.00,273.00,273.00,0.00,0.00,272.37,"52,847.00",270.60,"14,394,026.60",258,2.40,4.10,0.89,1.52,0.23,293.76,284.26,347.80,232.30
274,SHINE,-,402.00,405.90,397.00,405.60,405.60,0.00,0.00,403.34,"31,015.00",399.80,"12,509,448.70",126,5.80,8.90,1.45,2.24,0.56,415.26,413.13,499.00,382.00
275,SHINED,-,"1,140.00","1,164.00","1,140.00","1,140.00","1,140.00",0.00,0.00,"1,149.63",86.00,"1,142.00","98,868.00",5,-2.00,24.00,-0.18,2.11,-0.84,0.00,0.00,"1,200.00","1,000.00"
276,SHIVM,-,605.00,630.00,600.00,628.80,628.80,0.00,0.00,621.27,"622,840.00",605.00,"386,950,347.30","2,053",23.80,30.00,3.93,5.00,1.20,587.24,567.62,709.00,495.00
277,SHL,-,485.00,496.00,485.00,494.00,494.00,0.00,0.00,492.44,"42,684.00",489.00,"21,019,331.80",116,5.00,11.00,1.02,2.27,0.32,536.13,532.80,619.00,464.00
278,SHLB,-,"1,600.00","1,600.00","1,540.20","1,595.00","1,595.00",0.00,0.00,"1,562.15","1,505.00","1,599.00","2,351,038.00",38,-4.00,59.80,-0.25,3.88,2.06,"1,849.61","1,914.10","2,907.00","1,540.20"
279,SHPC,-,531.00,531.00,522.00,526.00,526.00,0.00,0.00,526.42,"71,987.00",523.00,"37,895,134.90",252,3.00,9.00,0.57,1.72,-0.08,551.51,549.15,684.90,443.00
280,SICL,-,630.20,632.90,624.00,630.00,630.00,0.00,0.00,628.57,"8,038.00",630.20,"5,052,433.40",105,-0.20,8.90,-0.03,1.43,0.23,694.18,718.52,891.00,588.80
281,SIFC,-,495.00,501.40,492.50,500.00,500.00,0.00,0.00,498.28,"11,643.00",494.00,"5,801,475.60",67,6.00,8.90,1.21,1.81,0.34,511.45,513.66,630.30,459.00
282,SIFCPO,-,286.00,286.00,286.00,286.00,286.00,0.00,0.00,286.00,"15,131.00",286.00,"4,327,466.00",1,0.00,0.00,0.00,0.00,0.00,0.00,0.00,286.00,232.50
283,SIGS2,-,9.61,9.80,9.61,9.80,9.80,0.00,0.00,9.80,"85,300.00",9.80,"835,902.00",8,0.00,0.19,0.00,1.98,0.00,9.89,9.91,11.70,8.90
284,SIGS3,-,10.24,10.24,10.06,10.22,10.22,0.00,0.00,10.18,"79,500.00",10.06,"809,503.00",22,0.16,0.18,1.59,1.79,0.37,9.85,9.93,11.46,8.50
285,SIKLES,-,557.20,585.40,557.20,585.40,585.40,0.00,0.00,575.71,"40,377.00",564.50,"23,245,431.50",254,20.90,28.20,3.70,5.06,1.66,756.67,843.59,"1,475.00",540.00
286,SINDU,-,708.00,729.90,708.00,721.00,721.00,0.00,0.00,722.27,"24,243.00",708.30,"17,510,069.20",193,12.70,21.90,1.79,3.09,-0.18,756.25,826.17,"1,482.00",608.00
287,SJCL,-,281.50,288.00,281.50,286.00,286.00,0.00,0.00,285.29,"8,809.00",284.00,"2,513,120.00",103,2.00,6.50,0.70,2.31,0.25,300.21,308.35,380.00,267.00
288,SJLIC,-,448.00,451.00,445.00,445.80,445.80,0.00,0.00,447.53,"54,252.00",446.30,"24,279,603.60",296,-0.50,6.00,-0.11,1.35,-0.39,442.49,440.94,504.00,390.00
289,SKBBL,-,767.00,771.00,762.30,771.00,771.00,0.00,0.00,768.36,"13,901.00",770.10,"10,680,945.80",142,0.90,8.70,0.12,1.14,0.34,867.56,844.07,999.00,756.60
290,SLBBL,-,840.00,840.00,815.00,834.80,834.80,0.00,0.00,827.87,"11,561.00",842.00,"9,571,040.90",165,-7.20,25.00,-0.86,3.07,0.83,926.49,918.72,"1,159.40",780.00
291,SLBSL,-,"1,300.00","1,300.00","1,282.00","1,300.00","1,300.00",0.00,0.00,"1,292.32","1,860.00","1,282.30","2,403,708.20",40,17.70,18.00,1.38,1.40,0.59,"1,423.60","1,495.09","3,047.00","1,234.50"
292,SLCF,-,9.10,9.24,9.10,9.13,9.13,0.00,0.00,9.19,"4,000.00",9.06,"36,777.00",10,0.07,0.14,0.77,1.54,-0.70,9.68,9.69,11.99,8.60
293,SMATA,-,770.10,787.00,770.10,780.10,780.10,0.00,0.00,777.45,"10,048.00",775.00,"7,811,774.70",143,5.10,16.90,0.66,2.19,0.34,886.77,854.83,"1,382.00",734.10
294,SMB,-,"1,750.10","1,799.00","1,750.00","1,799.00","1,799.00",0.00,0.00,"1,778.00","2,320.00","1,750.00","4,124,962.90",51,49.00,49.00,2.80,2.80,1.17,"2,175.50","2,233.02","3,309.90","1,710.10"
295,SMFBS,-,"1,640.00","1,670.00","1,639.00","1,640.00","1,640.00",0.00,0.00,"1,642.15","1,589.00","1,640.00","2,609,380.20",19,0.00,31.00,0.00,1.89,-0.13,"1,722.79","1,741.51","2,215.00","1,490.00"
296,SMH,-,691.10,714.00,691.10,708.00,708.00,0.00,0.00,703.93,"2,485.00",703.00,"1,749,269.40",54,5.00,22.90,0.71,3.31,0.57,824.58,850.54,"1,178.00",690.00
297,SMHL,-,541.90,586.00,541.90,563.90,563.90,0.00,0.00,559.11,"86,244.00",552.90,"48,219,684.90",379,11.00,44.10,1.99,8.14,0.85,876.65,905.58,"1,657.00",537.90
298,SMJC,-,481.00,496.00,479.00,495.00,495.00,0.00,0.00,490.88,"16,338.00",488.00,"8,020,053.60",157,7.00,17.00,1.43,3.55,0.83,534.80,538.50,735.00,479.00
299,SMPDA,-,865.00,879.80,865.00,876.00,876.00,0.00,0.00,870.45,"6,680.00",869.00,"5,814,618.50",98,7.00,14.80,0.81,1.71,0.63,938.74,941.15,"1,155.00",840.00
300,SNLI,-,464.00,467.90,462.00,462.60,462.60,0.00,0.00,463.67,"48,089.00",465.10,"22,297,649.60",461,-2.50,5.90,-0.54,1.28,-0.23,478.55,499.42,744.50,411.60
301,SONA,-,420.10,446.00,420.10,437.60,437.60,0.00,0.00,439.18,"124,068.00",421.00,"54,488,322.80",907,16.60,25.90,3.94,6.17,-0.36,441.38,448.76,545.00,398.00
302,SPC,-,527.00,570.00,522.60,554.90,554.90,0.00,0.00,545.18,"104,779.00",524.10,"57,123,521.70",534,30.80,47.40,5.88,9.07,1.75,505.74,512.02,722.00,441.00
303,SPDL,-,383.00,392.60,382.00,388.30,388.30,0.00,0.00,387.50,"64,846.00",383.90,"25,128,068.10",255,4.40,10.60,1.15,2.77,0.21,409.38,393.35,465.00,308.90
304,SPHL,-,567.00,569.00,547.50,565.00,565.00,0.00,0.00,561.81,"25,154.00",558.00,"14,131,760.20",162,7.00,21.50,1.25,3.93,0.56,578.05,625.05,922.00,477.10
305,SPIL,-,716.00,719.10,702.00,717.00,717.00,0.00,0.00,712.10,"15,547.00",729.00,"11,071,077.10",108,-12.00,17.10,-1.65,2.44,0.68,758.79,779.29,980.40,625.00
306,SPL,-,798.40,822.90,798.30,819.00,819.00,0.00,0.00,808.90,"1,369.00",812.00,"1,107,381.00",36,7.00,24.60,0.86,3.08,1.23,902.68,879.97,"1,102.20",765.00
307,SRLI,-,390.00,391.60,387.20,390.90,390.90,0.00,0.00,389.85,"27,095.00",388.10,"10,563,113.70",326,2.80,4.40,0.72,1.14,0.27,399.86,403.24,480.00,363.90
308,SSHL,-,153.60,153.60,151.20,153.00,153.00,0.00,0.00,152.43,"103,516.00",152.10,"15,779,163.70",421,0.90,2.40,0.59,1.59,0.37,197.53,209.30,313.80,151.00
309,STC,-,"5,460.00","5,535.00","5,460.00","5,535.00","5,535.00",0.00,0.00,"5,503.92","1,221.00","5,500.00","6,720,282.50",48,35.00,75.00,0.64,1.37,0.56,"5,286.35","5,231.70","5,800.00","4,832.00"
310,SWASTIK,-,"2,879.10","3,139.00","2,840.10","3,088.90","3,088.90",0.00,0.00,"2,985.54","11,487.00","2,879.00","34,294,877.30",483,209.90,298.90,7.29,10.52,3.35,0.00,0.00,"3,400.00",391.70
311,SWBBL,-,728.00,742.00,728.00,739.00,739.00,0.00,0.00,736.86,"1,874.00",739.00,"1,380,872.90",32,0.00,14.00,0.00,1.92,0.29,833.71,828.76,"1,046.50",727.40
312,SWMF,-,680.00,680.00,669.00,676.00,676.00,0.00,0.00,671.18,"1,560.00",673.50,"1,047,044.90",34,2.50,11.00,0.37,1.64,0.71,714.38,716.38,868.10,641.10
313,SYPNL,-,"1,098.60","1,233.10","1,098.60","1,233.10","1,233.10",0.00,0.00,"1,198.84","146,092.00","1,121.00","175,140,756.10","3,926",112.10,134.50,10.00,12.24,2.78,0.00,0.00,"1,233.10",319.80
314,TAMOR,-,437.00,460.10,437.00,460.10,460.10,0.00,0.00,451.23,"18,870.00",440.30,"8,514,635.10",259,19.80,23.10,4.50,5.29,1.93,491.53,499.62,637.00,437.00
315,TPC,-,362.00,377.00,360.00,374.00,374.00,0.00,0.00,370.45,"95,169.00",362.50,"35,255,765.00",360,11.50,17.00,3.17,4.72,0.95,356.70,398.84,671.60,270.10
316,TRH,-,710.00,717.80,702.40,715.00,715.00,0.00,0.00,714.84,"3,571.00",710.00,"2,552,698.50",30,5.00,15.40,0.70,2.19,0.02,841.97,894.19,"1,259.00",681.10
317,TSHL,-,715.00,716.00,698.00,713.90,713.90,0.00,0.00,704.03,"8,241.00",720.00,"5,801,943.50",89,-6.10,18.00,-0.85,2.58,1.38,744.96,748.03,"1,046.60",616.80
318,TTL,-,808.50,900.00,808.50,895.00,895.00,0.00,0.00,857.79,"135,938.00",825.00,"116,605,626.70","2,310",70.00,91.50,8.48,11.32,4.16,0.00,0.00,"1,262.80",366.10
319,TVCL,-,383.70,394.00,381.00,394.00,394.00,0.00,0.00,387.85,"11,708.00",388.00,"4,540,974.00",96,6.00,13.00,1.55,3.41,1.56,452.62,471.03,697.00,381.00
320,UAIL,-,448.00,453.00,446.10,453.00,453.00,0.00,0.00,448.27,"17,505.00",447.00,"7,846,964.10",163,6.00,6.90,1.34,1.55,1.04,507.39,543.45,767.00,422.10
321,UHEWA,-,548.00,548.00,532.10,539.80,539.80,0.00,0.00,535.25,"29,017.00",542.00,"15,531,288.60",170,-2.20,15.90,-0.41,2.99,0.84,581.50,605.35,993.40,508.50
322,ULBSL,-,"3,440.00","3,498.90","3,420.00","3,490.00","3,490.00",0.00,0.00,"3,435.61",645.00,"3,480.00","2,215,971.00",20,10.00,78.90,0.29,2.31,1.56,"3,606.80","3,519.64","6,600.00","2,931.00"
323,ULHC,-,463.90,467.00,456.30,466.00,466.00,0.00,0.00,462.51,"13,679.00",460.00,"6,326,727.10",132,6.00,10.70,1.30,2.34,0.75,468.78,477.86,693.00,411.70
324,UMHL,-,560.00,569.59,560.00,565.00,565.00,0.00,0.00,561.98,"96,953.00",563.00,"54,485,240.60",279,2.00,9.59,0.36,1.71,0.54,556.24,533.07,626.00,321.00
325,UMRH,-,569.90,587.80,561.20,585.00,585.00,0.00,0.00,575.80,"66,978.00",559.00,"38,566,011.10",342,26.00,26.60,4.65,4.74,1.57,584.09,585.31,790.00,526.00
326,UNHPL,-,462.30,474.00,458.00,470.00,470.00,0.00,0.00,466.57,"202,707.00",468.60,"94,577,924.60",574,1.40,16.00,0.30,3.49,0.73,457.82,416.23,554.70,270.00
327,UNLB,-,"1,918.00","1,918.00","1,881.00","1,915.00","1,915.00",0.00,0.00,"1,896.28",263.00,"1,918.00","498,720.50",26,-3.00,37.00,-0.16,1.97,0.98,"2,085.10","2,108.30","2,888.60","1,818.40"
328,UPCL,-,362.40,365.00,358.00,361.10,361.10,0.00,0.00,361.39,"106,510.00",359.00,"38,491,958.60",305,2.10,7.00,0.58,1.96,-0.08,387.08,382.92,489.00,265.20
329,UPPER,-,172.50,175.60,172.00,174.00,174.00,0.00,0.00,173.62,"58,281.00",174.00,"10,118,945.00",364,0.00,3.60,0.00,2.09,0.22,187.47,191.79,228.00,166.00
330,USHEC,-,460.00,464.90,450.00,460.00,460.00,0.00,0.00,456.39,"23,135.00",458.90,"10,558,517.50",143,1.10,14.90,0.24,3.31,0.79,469.06,485.26,752.00,410.00
331,USHL,-,831.10,840.00,816.00,838.00,838.00,0.00,0.00,829.81,"11,807.00",848.00,"9,797,518.90",135,-10.00,24.00,-1.18,2.94,0.98,716.82,704.21,945.00,588.00
332,USLB,-,"1,452.00","1,481.00","1,452.00","1,467.00","1,467.00",0.00,0.00,"1,462.81","5,100.00","1,465.00","7,460,315.70",129,2.00,29.00,0.14,2.00,0.29,"1,912.23","1,880.89","2,750.00","1,438.00"
333,VLBS,-,765.00,780.00,758.00,770.00,770.00,0.00,0.00,768.28,"3,668.00",765.00,"2,818,046.30",83,5.00,22.00,0.65,2.90,0.22,816.24,820.15,"1,008.00",737.00
334,VLUCL,-,577.00,577.00,563.10,568.10,568.10,0.00,0.00,569.14,"7,275.00",566.00,"4,140,502.30",130,2.10,13.90,0.37,2.47,-0.18,586.15,603.87,802.00,516.00
335,WNLB,-,"1,660.00","1,789.00","1,629.00","1,757.00","1,757.00",0.00,0.00,"1,726.75","10,819.00","1,629.20","18,681,750.40",421,127.80,160.00,7.84,9.82,1.72,"2,033.94","2,236.03","4,271.00","1,242.10"
